MSOA21CD,NOx-2016-min,NOx-2016-max,NOx-2016-mean,NOx-2016-std,NOx-2016-median
E02000002,40.973,270.637,47.123,11.743,44.441
E02000003,41.556,574.546,53.849,19.183,49.649
E02000004,41.895,96.895,45.06,5.048,43.963
E02000005,44.536,180.343,51.851,11.481,49.188
E02000007,43.345,148.295,49.559,10.046,47.429
E02000008,46.394,170.594,52.712,9.986,50.24
E02000009,48.882,175.275,55.617,10.589,52.726
E02000010,45.852,131.073,50.638,8.129,48.679
E02000011,42.399,152.285,48.127,9.62,46.33
E02000012,51.228,159.071,56.812,10.087,54.441
E02000013,47.63,108.108,52.684,5.976,51.584
E02000014,47.346,186.144,53.363,11.342,50.704
E02000015,44.101,130.366,48.922,7.411,47.165
E02000016,57.057,277.201,68.282,17.54,62.885
E02000017,52.952,251.936,60.971,14.973,57.367
E02000018,50.529,340.925,58.744,18.682,53.968
E02000019,48.03,282.696,57.572,19.992,51.824
E02000020,47.737,272.903,56.954,17.251,51.366
E02000021,46.19,307.863,54.693,14.42,50.618
E02000022,57.403,218.278,68.752,18.677,62.731
E02000023,48.422,347.847,58.906,19.788,53.828
E02006799,46.511,131.871,53.36,8.493,51.17
E02000024,40.907,278.342,46.245,10.11,44.025
E02000025,42.467,178.112,45.796,6.228,44.49
E02000026,42.629,108.245,47.249,4.903,46.678
E02000027,43.899,201.943,47.466,7.344,46.16
E02000028,46.731,201.689,53.417,14.424,49.685
E02000029,44.235,146.166,51.87,9.505,49.79
E02000030,41.614,203.362,48.43,10.534,46.17
E02000031,47.019,252.296,55.276,15.849,51.287
E02000032,47.76,335.91,53.256,8.911,51.585
E02000033,49.448,166.873,55.261,8.564,52.924
E02000034,50.477,245.926,55.087,9.667,52.995
E02000035,47.612,245.928,53.015,14.802,51.081
E02000036,46.331,298.837,61.874,21.537,54.778
E02000037,44.788,191.07,53.655,15.246,49.177
E02000038,51.81,327.8,60.73,19.105,56.339
E02000039,50.031,299.567,65.826,24.167,57.95
E02000040,46.45,125.03,51.169,4.709,50.343
E02000041,49.525,223.377,57.25,13.837,53.347
E02000042,51.313,374.427,61.358,20.484,56.848
E02000043,46.62,150.376,53.013,4.932,52.676
E02000044,51.523,138.886,58.18,9.39,55.027
E02000045,55.263,334.836,67.516,26.855,59.71
E02000046,53.83,483.251,63.688,21.519,58.942
E02000047,51.692,248.237,58.478,14.561,54.899
E02000048,51.559,285.789,62.834,20.283,56.714
E02000049,53.752,111.184,59.674,7.056,57.854
E02000050,55.48,293.765,67.861,25.469,60.425
E02000051,56.161,533.675,69.616,29.277,62.413
E02000052,58.391,233.083,64.484,12.59,61.236
E02000054,56.855,645.753,78.363,29.942,68.357
E02000055,57.442,313.683,70.664,22.569,64.629
E02000056,57.728,297.531,63.726,15.185,60.255
E02000057,61.29,390.845,77.8,32.976,67.788
E02000058,58.513,425.622,69.188,25.622,62.747
E02000059,55.536,520.996,68.947,23.263,61.509
E02000060,61.431,437.921,77.066,32.67,67.252
E02000061,59.847,256.448,68.869,16.808,64.498
E02000062,62.91,1106.824,85.176,47.198,70.179
E02000063,61.421,267.841,71.109,21.035,65.446
E02000064,62.053,291.342,72.221,19.596,66.559
E02006953,55.788,136.07,63.285,8.256,60.922
E02006954,54.389,243.067,65.358,13.117,62.453
E02000065,45.859,104.781,49.091,4.76,47.977
E02000066,45.88,188.111,51.608,10.543,49.107
E02000067,45.404,116.296,49.595,6.365,48.185
E02000068,44.066,222.869,52.234,12.846,48.478
E02000069,44.557,100.238,48.939,6.4,47.428
E02000070,45.877,178.284,50.938,9.414,48.785
E02000071,44.723,104.278,48.253,5.437,47.056
E02000072,39.245,190.263,43.968,7.626,42.189
E02000073,46.898,159.168,52.247,9.371,49.727
E02000074,42.835,302.072,50.291,16.685,45.845
E02000075,45.152,131.462,49.347,6.625,48.031
E02000077,47.238,117.58,50.626,5.351,49.658
E02000078,42.891,129.734,46.546,5.311,45.501
E02000079,45.969,223.788,53.302,12.681,50.109
E02000080,46.287,181.795,54.151,10.611,51.766
E02000081,42.827,199.469,50.28,11.87,47.318
E02000082,48.097,278.844,58.742,21.862,52.805
E02000083,41.572,255.501,47.93,12.985,44.575
E02000084,45.527,169.492,55.778,16.133,50.481
E02000085,46.067,285.834,56.96,20.16,50.959
E02000086,45.178,136.602,49.267,4.999,48.335
E02000087,40.48,162.542,50.135,13.685,46.649
E02000088,42.597,120.852,48.383,6.984,46.949
E02000089,46.48,143.138,50.183,7.222,48.639
E02000090,45.797,196.598,52.494,11.966,49.055
E02000091,42.843,177.932,49.374,11.305,46.774
E02000092,39.654,171.406,44.921,9.507,42.79
E02006785,47.83,141.577,52.263,7.689,50.538
E02000093,51.531,192.489,56.947,9.247,54.711
E02000094,52.965,252.083,61.361,13.402,58.41
E02000095,50.494,175.366,58.735,13.412,55.069
E02000096,50.006,163.859,54.024,8.576,52.153
E02000097,52.329,148.218,58.227,7.237,56.945
E02000098,52.078,169.062,56.741,8.392,54.802
E02000099,51.526,156.651,55.367,7.481,53.678
E02000100,49.959,181.577,55.365,10.789,52.774
E02000101,53.804,261.298,64.418,15.758,60.385
E02000102,56.796,364.582,69.595,29.86,62.656
E02000103,58.584,419.746,70.302,23.791,64.607
E02000104,54.35,201.42,63.05,14.459,59.243
E02000105,52.706,264.782,60.114,14.931,56.051
E02000106,59.871,395.731,84.376,37.27,72.554
E02000107,61.104,279.818,68.545,15.072,64.954
E02000108,52.527,115.67,58.67,8.136,56.572
E02000110,61.281,171.407,66.537,7.651,65.076
E02000111,53.707,254.915,63.468,16.147,59.268
E02000112,57.154,348.731,72.073,26.784,64.66
E02000113,58.969,358.999,84.685,40.636,71.108
E02000114,62.98,345.443,71.095,18.458,66.519
E02000115,63.895,249.976,72.225,14.383,67.873
E02000116,62.788,421.054,71.637,22.832,65.969
E02000117,63.845,478.896,81.066,33.09,71.527
E02000118,57.983,237.607,64.097,9.276,61.954
E02000119,62.09,486.292,74.774,30.686,66.733
E02000120,66.367,247.859,75.615,17.956,70.868
E02000121,55.955,255.068,66.229,16.703,62.004
E02000122,62.98,156.687,67.091,6.944,65.265
E02000123,64.907,2985.736,83.753,82.619,72.975
E02000124,64.587,229.357,74.471,15.57,70.07
E02000125,64.983,242.244,74.156,16.252,69.538
E02000126,70.093,190.025,77.855,12.146,74.42
E02006955,58.16,172.342,66.475,15.299,61.874
E02006956,57.642,234.609,64.864,11.923,62.306
E02000127,46.609,117.312,51.562,5.792,50.201
E02000128,43.812,121.476,47.902,5.539,46.796
E02000130,50.879,155.425,55.808,7.837,54.027
E02000131,52.36,165.566,58.785,10.266,56.137
E02000132,49.955,206.101,56.184,10.884,53.082
E02000133,41.091,191.094,47.883,8.351,46.439
E02000134,46.893,168.408,54.686,11.76,51.552
E02000135,51.464,144.431,56.745,9.102,54.662
E02000136,40.982,176.284,45.619,8.27,43.629
E02000137,46.818,121.224,50.803,6.041,49.497
E02000138,48.547,142.563,52.78,7.266,50.875
E02000139,49.368,137.993,53.622,7.619,51.783
E02000140,41.411,210.492,48.637,14.181,44.953
E02000141,49.398,206.128,55.633,10.807,52.972
E02000142,44.519,207.889,52.108,11.02,49.365
E02000144,45.881,247.37,53.165,12.662,49.645
E02000145,35.133,183.725,39.987,6.362,38.552
E02000146,43.187,178.783,49.37,11.511,46.835
E02000147,44.764,165.426,49.601,8.053,47.859
E02000148,39.992,97.453,43.547,3.545,42.807
E02000149,40.338,228.588,45.277,11.097,42.924
E02000150,45.049,128.671,50.061,6.075,49.339
E02000151,39.663,124.939,43.351,5.553,42.151
E02000152,40.015,160.766,44.073,7.202,42.777
E02000153,42.444,135.788,47.472,7.511,45.862
E02000154,39.939,215.721,45.838,12.673,42.419
E02000155,36.224,222.926,42.972,9.04,41.25
E02000156,43.37,161.916,48.224,8.579,46.116
E02000157,38.509,125.818,42.715,6.834,41.337
E02000158,35.846,134.92,39.938,5.621,38.967
E02000159,36.781,240.509,43.075,10.752,41.01
E02000160,37.347,197.345,42.635,7.183,41.649
E02000161,36.898,128.338,41.064,6.359,39.95
E02000162,32.057,152.777,36.486,5.303,35.539
E02000163,31.951,131.988,36.766,6.122,35.485
E02000165,31.52,99.25,34.543,3.719,34.01
E02006782,46.205,128.124,50.15,5.69,49.61
E02006787,48.681,230.459,56.381,15.141,52.536
E02006789,30.627,101.735,34.453,3.711,34.086
E02000166,59.63,221.576,65.478,10.332,63.203
E02000167,60.13,205.292,69.209,14.046,65.783
E02000168,66.024,246.397,79.493,18.719,73.545
E02000169,63.071,419.063,72.06,22.874,67.482
E02000170,62.215,389.763,72.801,23.467,67.803
E02000171,67.289,283.518,80.081,19.816,74.036
E02000172,69.897,240.392,77.874,13.59,74.058
E02000173,69.259,382.145,83.06,28.713,74.822
E02000174,70.5,247.165,80.371,15.812,75.793
E02000175,67.127,467.194,80.186,30.468,72.921
E02000176,69.873,311.056,80.036,20.754,73.831
E02000177,70.97,198.229,81.739,16.788,76.62
E02000178,65.949,223.988,78.444,20.045,71.959
E02000179,69.761,220.954,83.016,20.049,77.417
E02000180,74.357,303.741,88.263,22.844,80.69
E02000181,68.7,146.042,74.145,10.348,71.103
E02000182,70.707,386.25,85.368,31.926,75.841
E02000183,72.546,195.119,80.192,12.593,76.371
E02000184,75.197,370.032,93.865,25.333,86.897
E02000185,70.843,226.103,79.577,14.652,74.97
E02000186,74.451,745.204,95.055,40.364,84.018
E02000187,74.914,808.635,93.936,50.002,83.696
E02000188,79.39,436.711,95.174,32.847,86.968
E02000191,85.5,749.155,116.068,69.446,93.31
E02000192,88.184,601.003,103.171,43.828,92.016
E02000193,88.414,802.3,117.764,69.011,95.486
E02007115,84.989,651.114,103.725,51.131,89.912
E02000001,83.985,1917.997,128.137,115.793,97.728
E02000194,51.566,192.552,59.773,11.81,56.459
E02000195,52.903,184.473,58.581,10.537,56.106
E02000196,52.852,218.352,57.156,10.051,55.087
E02000197,52.753,232.133,57.486,11.695,54.867
E02000198,53.289,184.902,59.647,13.31,55.957
E02000199,53.335,221.917,58.789,11.657,55.418
E02000200,51.372,133.833,56.26,8.557,54.175
E02000201,48.759,138.353,56.055,9.802,53.396
E02000202,52.565,157.983,56.118,8.338,54.446
E02000203,52.524,210.34,59.977,13.81,56.078
E02000204,51.122,194.051,58.368,12.575,55.419
E02000206,50.699,194.267,57.387,11.925,54.727
E02000207,46.886,170.674,54.435,11.255,51.988
E02000208,52.542,193.857,59.287,13.965,55.766
E02000209,50.079,198.989,58.647,15.507,55.155
E02000210,50.478,139.968,53.208,4.674,52.425
E02000211,45.629,129.076,48.249,3.066,47.734
E02000212,49.185,234.846,59.736,15.494,56.371
E02000213,53.957,377.222,66.821,25.832,59.751
E02000214,46.899,139.382,52.83,9.924,50.5
E02000215,50.344,180.382,58.211,11.657,55.05
E02000216,44.943,200.818,51.29,9.018,49.034
E02000217,49.338,265.233,61.438,16.112,57.039
E02000218,43.953,170.125,47.03,8.993,44.894
E02000219,41.933,158.902,46.688,7.413,44.901
E02000221,46.006,614.542,57.125,21.502,52.24
E02000222,43.443,205.893,51.698,10.203,49.273
E02000223,41.042,168.416,45.75,8.283,43.773
E02000224,45.414,645.085,51.942,17.11,48.943
E02000225,38.058,97.537,41.626,3.443,40.96
E02000226,40.586,146.245,45.833,8.002,44.269
E02000227,35.958,185.04,42.816,8.869,41.462
E02000228,40.887,125.711,45.082,5.809,43.864
E02000229,35.563,90.394,40.343,5.478,39.36
E02000230,42.646,230.236,53.198,16.948,48.638
E02000231,40.661,171.148,46.296,7.218,44.791
E02000232,36.893,123.748,40.267,5.012,39.426
E02000233,39.376,130.123,44.949,8.432,42.684
E02000234,38.936,209.072,46.077,12.932,43.053
E02000235,36.705,112.566,40.565,4.748,39.653
E02000236,36.347,209.35,42.481,9.829,40.836
E02000237,35.15,91.36,38.283,3.732,37.742
E02006788,48.493,210.696,53.151,12.756,50.54
E02006987,54.386,281.109,68.48,22.124,61.601
E02006988,49.103,351.69,62.136,17.925,57.248
E02000238,51.006,244.561,57.356,11.84,54.491
E02000239,52.072,241.02,58.207,13.086,54.768
E02000240,48.843,223.29,56.315,13.865,52.404
E02000241,50.592,180.441,57.331,13.082,53.957
E02000242,54.299,127.842,59.537,5.217,58.415
E02000243,51.087,267.687,64.041,21.773,57.552
E02000244,52.959,278.017,69.429,24.2,61.758
E02000245,49.472,253.622,60.063,19.226,54.852
E02000246,46.764,211.714,53.819,13.62,50.596
E02000247,51.005,211.016,61.402,17.04,56.502
E02000248,59.828,545.799,86.253,46.617,71.897
E02000249,53.467,283.519,62.54,17.458,57.819
E02000250,57.199,193.316,65.111,11.167,62.308
E02000251,53.4,148.524,59.359,8.554,57.791
E02000252,61.934,508.771,81.207,34.264,70.693
E02000253,54.747,145.208,61.09,10.04,58.415
E02000254,52.306,134.612,59.108,8.762,57.575
E02000255,56.275,203.456,64.576,15.348,60.138
E02000256,59.784,292.082,68.324,18.048,63.225
E02000258,61.972,215.833,70.759,15.308,66.682
E02000259,53.722,184.087,59.543,10.804,57.213
E02000260,54.144,437.553,69.829,26.976,61.4
E02000261,64.358,538.309,78.434,32.193,69.537
E02000262,62.666,327.174,74.72,24.014,68.688
E02000263,52.712,300.6,63.099,20.544,57.881
E02000264,61.329,1855.444,72.649,41.409,65.991
E02000265,58.332,280.427,69.863,24.104,63.405
E02000266,54.059,303.382,62.882,17.295,57.919
E02000267,55.346,273.327,68.203,22.017,62.742
E02000268,59.081,190.764,65.175,10.202,62.597
E02000269,58.874,277.021,64.484,13.359,61.644
E02000270,61.253,459.629,69.244,21.009,65.13
E02000271,63.662,310.381,68.941,19.099,66.05
E02000272,55.093,152.998,60.501,8.384,58.679
E02000275,55.001,178.342,63.241,14.335,59.111
E02000276,57.602,218.785,65.311,11.49,62.688
E02006791,61.177,173.16,67.947,8.776,65.582
E02006968,59.721,260.643,68.177,15.291,64.265
E02006969,61.619,273.302,79.448,26.437,71.202
E02006970,55.607,188.012,63.503,15.475,59.045
E02006971,55.614,168.191,62.936,11.337,60.359
E02000277,43.806,328.224,62.187,30.976,50.923
E02000278,43.743,275.409,58.042,26.037,48.782
E02000279,41.77,181.2,50.931,16.876,46.649
E02000280,39.498,372.221,47.041,19.289,41.696
E02000281,41.593,386.028,51.439,19.531,46.789
E02000282,44.803,310.133,55.668,22.364,49.693
E02000283,44.869,155.286,50.276,8.229,48.722
E02000284,45.151,256.442,50.898,10.272,48.143
E02000285,46.316,202.442,51.617,11.188,48.762
E02000286,40.971,190.859,48.315,9.863,46.803
E02000287,40.512,188.006,44.343,7.027,42.719
E02000288,47.552,444.596,57.734,21.788,52.249
E02000289,41.519,129.51,46.165,6.003,45.755
E02000290,43.572,184.979,49.828,10.356,47.259
E02000291,48.674,203.608,55.198,14.826,51.471
E02000292,46.081,339.683,56.638,18.609,52.329
E02000293,46.021,180.179,51.04,7.225,49.41
E02000294,47.279,246.061,53.276,10.837,51.618
E02000295,46.457,149.346,51.43,8.496,49.758
E02000296,43.428,154.265,52.843,12.124,49.845
E02000297,49.459,258.12,58.369,16.831,53.9
E02000298,48.712,165.102,52.906,6.783,51.491
E02000299,50.403,144.198,55.836,9.485,53.859
E02000300,52.405,408.247,59.847,17.872,55.16
E02000301,47.16,214.46,54.684,12.13,52.152
E02000302,51.131,244.266,56.646,10.508,54.547
E02000303,52.877,370.569,62.297,24.545,56.272
E02000304,50.501,310.332,57.173,10.676,54.553
E02000305,51.74,300.278,59.128,14.241,56.002
E02000306,51.593,521.562,63.966,26.819,57.103
E02000307,53.775,316.23,66.87,25.17,59.202
E02000308,52.968,482.845,68.538,30.61,61.126
E02000309,53.418,868.68,71.775,36.186,62.166
E02000311,54.837,296.315,67.701,26.428,59.875
E02000312,53.423,364.37,68.175,28.733,61.013
E02006793,55.443,304.48,67.521,24.797,60.835
E02000313,49.091,130.525,54.21,7.301,51.671
E02000314,48.225,426.708,55.118,13.928,51.963
E02000315,49.144,184.837,52.696,7.194,51.221
E02000317,56.826,174.91,61.822,10.87,59.181
E02000318,49.057,228.594,56.822,16.979,53.066
E02000319,51.133,264.337,59.267,15.884,55.215
E02000320,47.414,160.914,53.277,10.353,50.663
E02000321,52.861,228.76,60.975,18.33,56.002
E02000323,52.849,301.584,61.311,12.603,58.281
E02000324,55.379,170.611,61.998,10.5,59.932
E02000326,59.545,342.49,71.34,24.862,64.295
E02000327,54.475,215.693,60.447,12.317,57.039
E02000328,59.633,239.218,67.759,17.947,62.606
E02000329,48.828,126.901,51.726,5.665,50.568
E02000331,55.266,254.79,65.045,17.729,59.913
E02000332,49.815,178.406,55.167,8.366,53.926
E02000333,57.425,273.453,68.368,19.59,62.557
E02000334,54.373,181.137,60.476,12.209,57.223
E02000335,50.254,275.054,57.672,15.659,54.584
E02000337,55.543,279.026,69.616,24.143,61.962
E02000339,51.631,263.502,65.86,24.606,58.591
E02000340,47.987,270.27,55.154,15.553,51.365
E02000341,50.81,244.809,60.509,17.63,55.473
E02000342,47.633,117.75,50.91,5.821,49.411
E02000343,47.802,203.433,55.82,13.464,52.029
E02000344,46.454,252.032,55.582,15.348,51.19
E02006786,47.48,222.582,54.157,10.817,51.756
E02006927,55.305,345.411,65.017,17.31,59.945
E02006928,63.996,253.978,73.601,19.008,67.629
E02006930,62.619,441.507,80.737,32.456,70.698
E02006931,59.421,286.494,70.785,20.843,65.71
E02006991,55.408,599.625,69.41,34.723,61.25
E02006992,62.374,484.188,81.378,34.828,71.987
E02006993,61.47,191.499,69.579,11.846,66.136
E02006994,57.791,243.038,68.747,19.867,62.694
E02000345,58.916,295.118,70.962,25.374,64.937
E02000346,64.067,298.476,78.89,27.804,69.974
E02000347,62.649,149.618,66.961,9.266,64.724
E02000348,58.9,247.764,69.333,19.632,65.42
E02000350,62.446,280.171,73.617,24.72,67.468
E02000351,65.939,227.996,77.76,21.515,71.127
E02000352,64.662,174.572,70.342,11.267,67.227
E02000353,64.937,324.831,79.466,24.253,72.218
E02000354,64.997,218.598,71.967,13.26,68.368
E02000355,63.45,318.324,75.646,23.494,69.245
E02000356,66.59,225.564,73.73,12.953,70.224
E02000357,59.405,186.157,63.873,9.19,61.663
E02000358,66.523,248.02,75.804,19.358,70.851
E02000359,62.874,226.604,70.339,14.285,67.044
E02000360,66.69,217.342,77.94,16.31,73.273
E02000361,66.564,528.596,90.86,36.079,79.538
E02000362,65.505,389.576,88.575,35.545,75.269
E02000363,66.445,211.608,78.468,17.366,73.691
E02000364,69.517,260.621,79.079,17.479,74.269
E02000366,68.321,208.809,80.383,18.465,74.341
E02000367,69.045,267.359,81.297,22.169,75.011
E02000368,69.624,199.057,78.418,11.762,75.144
E02000369,73.813,204.814,83.88,15.763,79.153
E02000370,76.093,342.367,85.587,17.746,81.901
E02006918,59.537,220.709,67.512,16.113,63.822
E02006921,58.783,166.135,66.933,11.684,64.563
E02007108,71.391,277.892,91.878,33.496,80.927
E02007109,71.513,363.963,82.938,20.233,77.259
E02007110,77.724,363.413,94.499,28.57,86.556
E02007111,77.638,526.309,100.975,42.367,88.4
E02000372,63.764,781.885,77.49,30.247,69.009
E02000373,66.648,380.474,81.902,37.216,72.319
E02000374,65.918,397.9,79.336,32.815,70.633
E02000375,67.427,739.099,84.432,32.013,75.904
E02000376,68.277,247.766,78.847,24.862,71.973
E02000377,66.545,264.156,79.237,26.18,71.309
E02000378,68.754,530.426,84.268,33.031,75.884
E02000379,64.3,216.672,70.736,12.692,67.4
E02000380,67.721,539.153,74.358,21.603,70.338
E02000381,68.293,327.063,76.804,26.263,72.029
E02000382,66.599,311.224,85.908,34.694,75.075
E02000383,69.099,365.754,85.348,34.111,75.607
E02000384,67.819,611.852,99.618,60.895,77.474
E02000385,67.538,388.74,84.6,41.263,72.611
E02000386,68.9,365.492,77.729,19.453,73.837
E02000387,66.481,450.3,74.324,26.463,69.472
E02000388,68.678,275.278,76.908,17.986,72.476
E02000389,60.882,410.065,69.2,21.636,66.251
E02000390,66.746,124.753,71.91,7.595,69.862
E02000391,66.349,232.384,78.826,21.349,73.007
E02000392,66.575,256.164,74.547,15.179,70.509
E02000393,66.034,165.206,72.271,13.006,68.605
E02000394,66.709,163.186,70.952,6.409,69.444
E02000395,60.713,317.636,69.816,18.743,64.809
E02000396,64.157,229.406,71.028,12.891,67.539
E02000397,56.808,183.033,61.836,9.771,59.901
E02000398,53.861,217.905,62.298,11.73,60.077
E02000400,54.519,339.128,63.884,15.404,59.898
E02000401,55.647,232.072,67.097,19.137,61.728
E02000402,55.758,192.743,63.806,11.854,60.866
E02000403,55.781,257.404,66.645,18.51,61.952
E02000404,58.068,192.485,67.36,15.619,62.574
E02000405,54.486,153.117,60.872,9.056,58.743
E02000406,60.153,211.506,67.269,16.156,63.04
E02000407,60.917,388.818,70.017,26.941,64.331
E02000408,60.281,382.37,72.826,33.17,65.182
E02000409,58.858,218.012,65.254,12.794,61.827
E02000410,55.992,270.234,67.201,21.904,61.277
E02000411,56.513,376.163,67.961,20.553,62.325
E02000412,59.839,645.964,73.539,41.909,64.473
E02000413,55.329,216.624,60.017,8.468,58.639
E02000414,59.584,132.591,64.811,7.375,63.065
E02000415,59.41,308.869,69.542,19.201,64.637
E02000416,58.155,198.923,67.279,14.269,63.38
E02000417,58.131,254.265,65.837,15.157,61.619
E02000418,58.592,174.165,67.96,15.596,63.72
E02000419,61.235,302.772,73.295,22.944,66.001
E02000420,61.679,426.219,73.594,30.471,65.132
E02000421,61.325,428.326,83.824,39.256,72.328
E02000422,61.991,288.008,72.15,22.638,66.108
E02000423,62.319,229.171,72.377,19.052,66.672
E02000424,60.812,184.753,65.343,9.749,62.989
E02000425,58.69,297.201,69.369,23.017,64.056
E02000426,57.803,252.053,65.556,14.748,61.203
E02000427,61.237,336.956,70.509,15.454,66.224
E02000428,62.086,278.615,71.732,22.231,66.181
E02000429,58.78,171.192,65.043,9.203,62.877
E02000430,62.229,217.871,70.529,17.28,65.429
E02000431,62.318,235.42,72.968,20.018,67.254
E02000432,61.766,178.903,69.75,11.122,67.19
E02006794,56.787,267.08,67.198,20.556,62.022
E02000433,41.9,190.581,47.67,11.523,44.494
E02000434,47.127,199.43,51.659,7.987,49.737
E02000435,43.182,145.155,48.038,6.567,46.684
E02000436,40.919,133.087,45.25,6.697,43.724
E02000437,44.223,196.066,50.846,10.166,48.375
E02000438,43.359,146.355,50.856,11.128,47.768
E02000439,48.664,196.206,54.512,10.963,52.071
E02000440,46.23,152.744,51.816,8.881,49.613
E02000441,43.08,148.188,47.515,6.504,46.201
E02000442,48.596,127.202,53.985,7.597,52.144
E02000443,47.33,122.083,51.201,6.177,49.527
E02000444,48.314,174.978,53.976,10.596,50.835
E02000445,47.344,204.57,54.721,12.916,50.684
E02000447,43.043,108.962,48.304,5.926,47.183
E02000448,43.602,115.85,47.564,6.35,45.899
E02000449,50.444,177.718,56.784,12.236,53.659
E02000451,43.494,131.424,48.786,7.978,47.27
E02000452,48.442,347.33,53.765,11.67,50.894
E02000453,47.555,163.343,52.521,9.828,49.891
E02000454,43.681,92.242,47.084,4.615,45.992
E02000455,49.927,468.57,60.399,20.862,55.09
E02000456,47.624,149.427,52.584,8.722,50.42
E02000457,45.652,143.88,50.666,7.14,49.019
E02000459,48.549,128.436,53.672,7.553,51.525
E02000460,47.596,128.01,52.333,8.971,50.061
E02000461,49.214,187.633,54.761,10.908,51.73
E02000462,49.585,145.351,55.207,10.158,52.33
E02000463,48.438,113.509,52.871,6.976,51.331
E02006795,45.537,138.237,50.228,6.467,49.204
E02006882,48.335,317.993,53.519,10.079,51.561
E02000464,34.014,200.825,40.278,17.564,35.788
E02000465,34.62,237.704,42.865,17.984,38.326
E02000466,34.079,114.444,37.291,4.066,36.112
E02000467,37.294,115.603,42.163,7.1,40.546
E02000468,35.239,122.628,38.747,4.92,37.294
E02000469,37.319,186.488,43.58,12.357,40.367
E02000470,34.063,265.256,40.643,14.43,36.477
E02000471,37.801,275.91,44.459,11.343,42.186
E02000472,40.344,239.957,46.436,13.15,43.448
E02000473,34.965,195.926,44.569,11.56,41.699
E02000474,40.865,199.873,47.703,14.241,44.378
E02000475,39.437,233.558,45.126,10.983,42.634
E02000476,41.355,373.304,56.913,24.828,49.973
E02000477,39.334,160.307,43.601,5.87,42.543
E02000478,34.955,130.832,38.563,3.42,38.404
E02000479,41.588,476.708,53.864,22.677,47.16
E02000480,43.554,208.757,48.949,11.709,45.817
E02000481,28.227,203.654,37.928,16.679,34.329
E02000482,34.812,130.247,37.559,6.113,36.108
E02000483,37.681,142.336,42.472,7.598,40.687
E02000484,39.351,145.08,44.788,8.906,43.074
E02000485,35.145,237.539,39.66,7.545,38.461
E02000486,39.152,108.204,42.551,5.795,41.144
E02000487,33.247,172.259,37.135,8.699,35.718
E02000488,37.707,104.357,41.698,6.106,40.517
E02000489,37.974,149.023,44.027,7.87,42.829
E02000490,38.969,189.956,44.465,8.467,43.004
E02000491,40.431,178.498,51.104,12.979,47.605
E02000492,35.955,268.323,42.985,10.748,40.765
E02000493,39.967,289.145,48.792,15.579,45.536
E02000494,36.397,226.121,41.111,7.92,39.706
E02000495,39.633,165.952,45.45,9.238,43.336
E02000496,34.133,112.678,37.648,4.262,36.815
E02000497,40.176,149.13,45.229,6.455,44.206
E02000498,38.03,230.736,43.807,9.299,42.424
E02000499,43.684,108.828,47.68,5.444,46.566
E02000500,40.206,205.07,47.426,10.194,45.469
E02000501,44.688,113.979,48.161,4.082,47.455
E02000502,42.732,159.81,49.343,9.466,46.831
E02000503,45.725,136.651,50.907,7.188,49.344
E02000504,41.217,211.305,48.627,11.781,46.14
E02000506,38.363,286.059,50.364,19.769,46.843
E02000507,46.068,204.043,53.43,15.452,49.438
E02000508,43.904,198.201,53.094,13.444,49.607
E02000509,42.37,192.277,50.859,13.799,47.148
E02000510,46.207,209.143,53.982,12.05,51.024
E02000511,46.362,148.324,49.849,4.919,48.966
E02000512,47.022,140.158,52.395,8.594,50.555
E02000513,48.775,142.271,54.069,8.853,51.972
E02000514,48.941,166.473,54.285,8.85,52.42
E02000515,43.256,204.968,49.266,9.531,47.546
E02000516,51.701,216.179,57.609,13.602,53.955
E02000517,49.898,166.969,54.53,8.914,52.27
E02000518,47.554,193.574,53.991,9.614,51.686
E02000519,51.424,210.025,60.805,16.249,56.17
E02000520,50.371,258.19,59.421,14.9,55.863
E02000521,53.592,354.529,62.042,18.105,57.351
E02000522,48.617,190.421,58.618,12.724,55.205
E02000523,56.09,219.848,68.045,17.136,62.689
E02000524,47.893,6171.476,75.565,42.291,69.642
E02000525,57.152,476.013,70.663,23.163,63.5
E02006796,45.783,187.825,53.535,13.383,50.058
E02000526,64.015,491.178,83.027,39.778,70.789
E02000529,55.522,196.443,65.843,17.831,59.925
E02000530,54.807,348.651,69.368,24.064,61.539
E02000531,53.928,431.887,68.961,24.627,62.481
E02000532,57.398,337.86,68.878,22.551,63.459
E02000533,58.34,356.347,71.724,25.587,64.633
E02000534,53.358,255.512,62.793,16.965,57.955
E02000535,54.318,247.086,64.363,18.562,58.794
E02000536,54.252,282.803,64.009,18.488,58.879
E02000537,53.366,222.553,60.556,14.094,57.248
E02000538,52.356,262.79,64.789,18.481,60.463
E02000539,54.209,271.976,61.839,13.639,58.372
E02000540,55.872,217.268,62.378,13.389,58.962
E02000541,52.804,177.528,60.985,13.894,56.914
E02000542,54.22,305.108,63.477,16.239,58.694
E02000543,53.189,299.406,62.843,17.162,58.559
E02000544,53.232,108.99,57.157,4.25,56.14
E02000545,54.23,629.323,59.558,13.538,57.453
E02000546,48.984,145.299,53.503,7.128,51.735
E02000547,50.202,241.398,61.2,14.145,57.069
E02000548,46.101,172.823,54.731,10.601,52.109
E02000549,48.197,219.45,55.479,13.202,52.185
E02000550,48.682,167.889,52.554,6.95,51.221
E02000551,47.392,208.411,55.732,14.916,51.534
E02000552,44.666,146.317,49.199,6.48,47.728
E02000553,45.062,178.7,53.162,12.936,49.477
E02006792,60.41,372.134,77.255,31.65,68.134
E02006972,59.408,278.089,73.639,28.684,65.017
E02006973,55.618,261.572,72.832,26.322,66.262
E02000554,63.028,152.295,72.042,12.529,68.338
E02000555,63.252,253.658,74.877,19.06,68.973
E02000556,65.363,222.113,72.748,13.179,69.559
E02000557,67.156,552.778,81.885,27.854,73.514
E02000558,66.242,316.859,80.744,26.487,73.026
E02000559,67.477,312.242,76.899,20.529,71.013
E02000560,68.381,290.017,84.411,23.094,76.965
E02000561,66.508,215.253,70.917,9.537,68.776
E02000562,67.603,158.006,74.992,12.015,71.281
E02000563,67.608,324.298,77.77,18.285,72.888
E02000564,69.017,315.842,81.385,23.815,74.485
E02000565,69.06,182.423,79.278,13.154,75.08
E02000566,68.519,279.258,79.014,19.02,74.399
E02000567,71.07,280.055,83.131,18.791,77.275
E02000568,71.578,243.744,81.066,15.655,76.686
E02000569,73.078,241.015,87.361,22.073,80.334
E02000570,72.336,180.885,79.808,8.906,77.431
E02000571,75.904,250.836,85.108,19.421,79.502
E02000572,75.309,280.11,87.65,18.292,82.751
E02000573,76.19,524.026,92.475,34.76,83.698
E02000574,79.293,383.381,97.115,32.66,87.662
E02000575,83.074,484.827,104.207,44.386,91.342
E02000576,84.221,547.049,99.517,47.376,87.822
E02000577,66.0,253.397,80.711,21.42,75.139
E02000578,67.195,203.105,77.385,17.549,72.226
E02000579,67.334,420.531,87.266,31.327,76.705
E02000580,73.606,227.198,84.362,17.143,78.925
E02000581,70.363,180.332,79.512,14.699,74.872
E02000582,73.726,348.618,86.012,20.882,79.646
E02000583,70.435,352.588,83.092,24.448,75.933
E02000584,71.272,1385.576,89.887,62.835,78.697
E02000585,70.814,650.315,84.933,39.096,75.105
E02000586,74.287,2099.858,89.318,80.631,78.913
E02000587,71.838,640.604,86.49,45.335,75.671
E02000588,80.134,959.746,103.291,82.483,84.221
E02000589,74.041,437.093,91.267,52.467,76.454
E02000590,78.706,817.534,98.306,52.493,83.519
E02000591,73.362,605.293,103.251,65.37,77.357
E02000592,75.297,512.284,92.637,41.972,80.815
E02000593,70.414,574.265,87.634,44.458,74.343
E02000594,76.617,479.771,90.947,35.622,80.438
E02000595,76.347,586.987,92.958,48.983,79.69
E02000596,70.3,390.614,83.626,34.874,75.835
E02000597,69.578,601.477,96.25,54.045,76.719
E02000598,48.842,191.248,56.478,11.873,53.79
E02000599,50.683,285.841,56.721,11.573,53.039
E02000600,51.273,187.093,59.363,12.492,56.019
E02000601,49.793,246.017,57.4,15.303,54.04
E02000602,52.466,671.082,67.324,30.129,59.464
E02000603,50.841,187.062,56.827,9.783,54.545
E02000604,50.835,228.295,55.269,8.927,53.112
E02000605,48.965,139.817,53.478,6.36,52.231
E02000606,47.375,413.706,66.123,27.699,57.585
E02000607,49.565,215.332,54.257,8.672,52.676
E02000608,46.708,198.16,55.328,12.195,52.101
E02000609,48.317,338.489,60.177,19.421,53.872
E02000610,46.077,214.922,55.816,16.396,52.38
E02000611,48.765,213.548,55.062,15.671,50.715
E02000612,47.588,281.154,54.445,14.566,51.133
E02000613,45.949,236.489,55.195,14.891,51.35
E02000614,44.462,240.745,55.841,18.984,50.317
E02000615,45.22,324.005,54.621,18.19,49.613
E02000616,40.992,218.823,46.968,7.296,46.029
E02000617,38.024,163.712,43.69,8.879,41.228
E02000619,79.768,332.242,90.974,20.429,85.504
E02000620,79.266,331.799,94.723,27.19,86.066
E02000621,72.164,416.298,96.703,39.638,82.108
E02000622,71.177,335.278,88.2,26.492,80.544
E02000623,70.565,187.485,80.349,13.993,76.313
E02000624,71.486,205.757,80.063,14.917,76.07
E02000625,69.715,282.039,78.759,17.23,73.433
E02000626,69.375,198.376,75.274,9.739,72.544
E02000627,67.662,239.334,75.444,13.548,72.38
E02000628,69.914,302.113,81.755,24.891,74.86
E02000629,67.655,191.982,75.442,14.825,71.434
E02000630,67.978,290.526,80.942,23.575,73.546
E02000631,65.366,282.292,74.101,15.959,69.749
E02000632,66.464,276.866,74.567,17.452,70.414
E02000633,66.764,298.077,79.075,22.811,72.431
E02000634,64.233,253.38,79.518,22.569,72.398
E02000635,61.025,224.571,71.294,14.828,67.922
E02000636,63.953,276.026,71.735,16.906,67.488
E02000637,62.567,246.189,71.276,17.507,67.293
E02000638,63.881,234.042,72.556,18.49,67.351
E02000639,63.481,283.677,75.815,22.225,68.704
E02000640,60.741,273.523,68.031,13.609,64.534
E02000641,60.321,164.011,67.958,12.124,64.687
E02000642,60.26,240.147,68.901,15.145,64.459
E02000643,59.449,219.933,68.52,15.9,64.325
E02000644,59.551,249.66,65.337,10.998,62.438
E02000645,56.887,188.825,66.239,14.196,62.24
E02000646,58.594,337.837,68.628,22.64,62.437
E02000647,57.29,160.924,62.997,10.732,60.074
E02000648,56.061,170.266,62.308,10.904,59.416
E02000649,57.039,338.094,68.567,22.584,61.902
E02000650,55.657,141.73,60.793,8.976,58.366
E02000651,55.135,268.152,62.248,16.564,58.049
E02000652,53.736,174.154,59.166,9.65,56.943
E02006801,87.067,885.483,110.124,61.005,94.664
E02000653,65.271,177.269,70.377,8.583,68.585
E02000654,64.387,254.829,71.081,13.438,67.578
E02000655,64.907,815.682,72.917,25.686,68.473
E02000657,64.348,321.109,79.803,27.516,70.903
E02000658,63.202,501.367,77.984,32.87,69.693
E02000659,58.883,406.277,68.153,17.374,64.04
E02000660,60.797,207.151,69.409,13.905,65.833
E02000661,58.557,486.406,68.044,19.324,62.724
E02000662,58.891,160.834,65.856,7.729,64.186
E02000663,59.122,215.675,65.043,12.67,62.346
E02000665,55.506,267.173,61.793,11.525,59.346
E02000666,57.468,234.755,65.099,12.506,61.886
E02000667,56.397,243.77,65.212,15.303,61.559
E02000668,54.699,246.861,61.376,15.767,57.436
E02000669,55.724,251.202,62.68,15.548,59.563
E02000670,56.236,249.376,66.902,20.463,61.261
E02000671,56.396,242.545,63.21,14.715,59.686
E02000672,56.237,364.248,69.191,28.244,61.316
E02000673,57.207,203.14,63.256,11.967,59.807
E02000674,53.582,172.85,59.78,12.635,56.94
E02000675,50.612,334.466,59.081,17.737,54.653
E02000676,56.286,630.067,62.639,18.398,59.084
E02000677,52.508,244.101,60.086,17.491,56.498
E02000678,51.242,269.019,57.819,12.437,54.667
E02000679,53.826,177.245,59.199,8.704,57.102
E02000680,56.449,240.742,62.442,11.364,59.485
E02000681,53.144,291.662,58.861,12.612,55.831
E02000682,51.961,219.058,58.064,12.078,55.268
E02000683,46.741,145.907,53.675,10.289,51.681
E02000685,55.274,172.813,60.81,11.76,57.777
E02000686,48.689,204.423,55.717,11.416,53.774
E02000687,52.996,151.818,58.673,9.263,56.357
E02006783,50.681,189.657,56.303,11.079,53.381
E02006784,48.359,254.445,54.798,11.288,52.014
E02006798,64.537,387.87,76.132,25.03,69.704
E02007008,61.587,663.311,79.777,40.796,69.707
E02007009,57.39,384.56,72.134,27.052,65.182
E02000689,54.67,212.796,60.682,10.229,58.526
E02000690,51.096,150.607,54.54,5.767,53.119
E02000691,56.073,187.105,63.627,12.766,59.896
E02000692,54.072,239.747,61.141,12.576,57.913
E02000693,55.614,480.765,63.31,18.842,58.516
E02000694,56.394,277.091,63.015,14.066,59.284
E02000695,55.02,133.141,59.06,6.896,57.581
E02000696,54.558,168.392,59.123,9.532,56.923
E02000697,53.491,241.015,65.425,18.993,60.198
E02000698,51.77,145.454,56.288,7.299,54.286
E02000699,52.983,155.275,59.574,9.714,57.11
E02000700,52.826,207.564,59.8,11.781,56.546
E02000701,54.868,222.402,63.962,17.874,58.669
E02000702,52.69,245.239,59.499,13.324,56.097
E02000703,52.847,259.793,59.38,13.026,56.135
E02000704,50.789,206.54,59.496,12.321,56.083
E02000705,53.171,277.008,57.666,8.976,55.704
E02000706,52.973,190.315,58.993,11.852,56.049
E02000707,51.358,189.361,56.954,10.917,54.408
E02000708,48.735,164.238,56.626,12.622,53.21
E02000709,49.176,317.495,53.457,7.743,52.35
E02000710,49.648,413.947,58.165,15.416,54.081
E02000711,51.209,489.129,62.637,25.747,55.762
E02000712,49.479,147.619,54.864,7.92,52.911
E02000713,47.828,143.763,52.476,6.23,51.18
E02000714,57.29,155.478,64.273,9.351,61.76
E02000715,57.241,264.559,67.403,24.191,60.683
E02000716,53.789,421.27,60.095,13.609,57.757
E02000717,57.181,429.829,67.61,28.566,60.918
E02000718,56.409,455.994,68.108,22.385,60.985
E02000719,58.824,193.334,64.971,10.435,62.398
E02000720,55.842,208.442,64.632,14.34,61.325
E02000721,60.024,246.638,69.311,17.44,64.059
E02000722,61.069,231.871,71.032,17.005,66.505
E02000723,56.413,249.898,62.805,15.875,59.598
E02000724,56.939,174.466,60.608,8.996,58.986
E02000725,63.27,564.247,80.857,34.777,71.332
E02000727,59.549,148.129,66.84,12.622,63.031
E02000728,56.423,169.28,64.991,16.819,60.111
E02000729,59.445,159.725,64.951,10.536,62.037
E02000730,59.52,149.317,65.415,10.738,62.328
E02000731,58.625,374.346,70.589,29.001,62.872
E02000732,58.412,223.705,61.685,9.91,60.178
E02000733,61.716,215.933,71.788,16.733,67.095
E02000734,61.467,183.213,70.094,16.248,65.507
E02000735,58.986,275.91,63.6,13.377,61.417
E02000736,57.424,784.793,76.519,43.522,62.937
E02000737,57.475,217.914,63.365,12.931,60.366
E02000738,58.925,253.41,62.933,15.3,60.53
E02000739,61.844,243.393,70.574,16.552,65.835
E02000740,60.957,150.013,65.785,7.616,64.177
E02000741,60.073,373.498,67.317,21.52,63.419
E02000742,58.962,317.095,71.14,22.769,64.972
E02000743,62.191,297.275,76.536,27.258,68.511
E02000744,63.086,383.287,83.215,40.109,70.568
E02000745,60.372,504.36,80.832,42.973,68.087
E02000746,50.243,474.198,63.781,20.22,59.34
E02000747,61.511,410.462,75.453,24.597,68.565
E02000748,59.764,149.256,65.739,8.853,63.243
E02000749,60.337,423.043,69.102,19.715,65.086
E02006995,62.322,307.138,70.408,22.931,65.361
E02006996,62.55,446.304,69.927,20.398,65.392
E02006997,62.541,287.56,69.776,15.683,65.801
E02006998,55.077,171.636,63.754,8.953,62.319
E02006999,60.574,213.685,67.486,14.657,63.586
E02000751,44.407,347.706,52.21,11.832,49.283
E02000752,36.669,135.333,41.652,7.223,40.192
E02000753,40.923,82.932,44.378,3.345,43.815
E02000754,44.86,135.757,51.903,6.7,50.985
E02000755,46.997,152.865,59.18,15.546,54.065
E02000756,42.013,204.823,48.551,8.958,47.009
E02000757,52.485,253.048,68.298,25.102,59.995
E02000758,47.451,176.297,52.179,7.513,50.853
E02000759,50.861,537.611,74.087,36.168,62.655
E02000760,46.602,174.416,52.122,9.101,50.145
E02000762,49.624,210.382,59.402,16.137,55.414
E02000763,40.049,272.497,46.067,10.307,44.148
E02000764,54.226,330.871,64.103,16.737,59.897
E02000765,49.956,208.858,59.659,16.809,54.557
E02000767,49.237,209.814,57.619,14.976,53.269
E02000768,53.99,563.862,73.016,41.05,59.978
E02000770,46.813,369.888,57.514,21.53,52.835
E02000772,46.694,171.569,52.891,12.45,49.428
E02000773,50.324,233.231,60.576,18.711,55.25
E02000774,47.539,157.74,53.057,9.766,50.622
E02000776,51.898,181.099,56.89,9.321,54.664
E02000777,53.614,226.215,58.636,9.021,56.675
E02000779,54.766,190.557,67.02,18.165,61.287
E02000781,49.693,147.145,54.338,8.364,52.566
E02000782,54.801,548.699,77.45,40.311,64.669
E02000783,52.127,166.523,59.127,10.561,57.421
E02006800,47.649,190.007,54.239,9.893,51.859
E02006924,51.328,484.649,66.626,24.98,59.363
E02006925,50.575,537.665,62.436,20.998,57.155
E02007017,45.601,170.086,52.686,13.224,49.377
E02007018,46.812,151.823,52.202,9.749,49.547
E02007019,52.11,397.556,66.99,22.79,60.584
E02007020,52.611,159.298,57.45,10.221,54.839
E02000784,59.122,340.903,66.904,15.565,63.614
E02000785,53.597,520.593,59.877,16.34,55.887
E02000786,58.584,341.423,67.357,18.463,62.15
E02000787,56.459,310.716,64.793,17.927,60.017
E02000788,53.799,374.674,63.632,21.708,59.257
E02000789,51.681,157.675,57.436,9.65,54.624
E02000790,54.313,287.599,64.427,20.365,58.524
E02000791,54.352,246.367,65.776,19.478,59.688
E02000792,51.601,229.639,58.683,12.597,56.387
E02000793,51.57,110.995,55.769,5.411,54.393
E02000794,51.585,273.439,61.748,17.314,56.982
E02000795,49.603,174.334,53.39,6.48,51.997
E02000796,49.231,206.225,56.193,12.184,52.972
E02000797,51.419,260.549,59.842,16.36,55.692
E02000798,48.333,200.365,55.453,10.761,52.932
E02000799,49.375,821.981,54.922,16.314,52.537
E02000800,48.598,92.837,51.576,3.483,51.046
E02000801,49.057,672.137,55.233,15.8,52.421
E02000802,46.0,146.942,53.138,9.555,51.258
E02000803,45.265,193.515,50.946,8.189,49.044
E02000804,45.318,160.392,48.876,5.919,47.024
E02000805,46.032,250.38,51.62,8.956,50.076
E02000806,43.462,203.688,48.875,9.897,46.694
E02000807,67.154,224.42,75.836,12.753,72.551
E02000808,84.316,1760.51,105.937,60.793,93.27
E02000810,72.839,226.582,83.76,15.285,79.612
E02000812,76.756,279.077,91.923,21.161,86.333
E02000813,69.331,311.368,82.215,20.574,75.98
E02000814,67.19,240.906,71.962,9.076,69.808
E02000815,82.477,966.28,104.203,46.475,91.383
E02000816,70.658,191.739,79.336,13.428,75.505
E02000817,67.689,275.338,78.039,18.898,72.879
E02000818,75.285,268.879,90.567,24.621,82.87
E02000819,72.066,247.132,85.05,21.165,78.339
E02000820,74.893,305.796,87.933,22.897,82.072
E02000821,69.786,243.092,80.594,18.762,75.651
E02000822,70.116,174.085,79.466,10.276,77.333
E02000823,72.65,238.316,83.335,19.813,77.547
E02000824,67.292,235.958,76.554,18.008,71.384
E02000825,69.088,291.802,74.959,11.874,72.004
E02000826,70.072,234.103,76.146,10.906,73.615
E02000827,70.457,380.13,85.657,26.72,77.356
E02000828,67.49,285.211,81.9,26.228,73.346
E02000829,63.863,254.917,74.795,20.676,69.836
E02000830,63.887,300.01,75.734,19.944,70.928
E02000831,63.978,256.651,71.95,14.437,68.438
E02000832,60.014,165.753,68.488,9.792,66.134
E02000833,62.132,268.972,68.26,10.009,65.972
E02000834,59.231,330.023,68.464,15.461,64.539
E02000835,57.599,158.581,61.654,6.278,60.521
E02000836,61.015,159.73,67.823,11.361,64.661
E02000837,58.244,269.707,66.483,13.096,63.278
E02000838,57.72,234.801,64.916,14.192,61.184
E02000839,55.455,212.056,61.15,10.61,58.43
E02006802,83.194,645.081,104.986,49.788,90.272
E02006941,76.516,359.615,100.112,33.88,89.858
E02006942,79.649,393.967,96.101,34.46,85.669
E02000840,49.446,134.231,53.717,6.638,52.044
E02000841,49.026,204.481,56.291,12.5,52.54
E02000842,48.975,258.741,55.46,13.698,51.955
E02000843,48.522,94.081,52.212,5.532,50.775
E02000844,48.999,115.882,53.681,7.231,51.834
E02000845,45.798,338.765,50.029,14.513,48.717
E02000846,47.95,182.567,54.163,10.538,51.325
E02000847,45.789,319.33,51.368,12.864,49.337
E02000848,47.935,290.338,53.979,12.777,51.164
E02000849,47.418,209.561,53.406,12.023,50.431
E02000850,47.308,159.649,51.697,7.78,50.12
E02000851,48.122,226.386,53.652,11.77,50.562
E02000852,47.986,127.887,51.618,7.328,49.903
E02000853,47.584,226.754,53.672,13.451,50.233
E02000854,46.752,166.262,53.292,11.047,50.34
E02000855,43.156,182.601,50.797,10.677,48.441
E02000856,45.307,276.126,51.5,13.564,49.169
E02000857,45.381,162.868,51.236,10.709,48.789
E02000858,44.987,172.651,50.15,9.373,47.933
E02000859,43.569,202.861,49.803,11.854,47.357
E02000860,44.628,130.356,48.945,6.574,47.661
E02000861,42.199,132.498,46.696,5.341,45.739
E02000863,39.918,154.309,44.265,6.09,43.164
E02006836,40.339,125.929,44.932,6.081,43.832
E02000864,64.924,317.683,76.078,23.076,70.293
E02000865,70.784,281.023,82.775,21.532,77.217
E02000866,65.646,248.833,76.697,17.956,71.718
E02000867,66.46,460.955,86.111,36.532,73.96
E02000868,72.935,230.334,84.046,17.736,79.085
E02000869,77.118,212.692,88.063,17.081,83.555
E02000870,69.951,294.032,80.652,18.725,76.053
E02000871,67.499,439.945,87.579,35.086,75.189
E02000872,77.249,173.923,85.401,12.314,81.707
E02000873,69.099,606.664,78.907,31.102,72.536
E02000874,73.468,273.307,82.647,17.944,77.726
E02000875,67.619,349.446,75.302,15.795,71.47
E02000876,73.677,285.112,84.988,21.663,78.985
E02000877,68.285,312.3,79.43,19.594,73.631
E02000878,77.787,987.793,99.134,79.692,84.296
E02000879,71.952,216.33,79.191,17.946,75.135
E02000880,73.559,230.309,84.571,17.97,79.867
E02000881,65.148,366.407,82.951,32.069,73.485
E02000882,70.027,267.201,76.812,13.175,73.934
E02000883,69.431,360.173,85.275,33.696,75.595
E02000884,79.685,741.429,101.663,46.812,88.056
E02000885,76.018,195.699,85.516,14.033,81.382
E02000886,72.996,469.273,93.479,34.787,82.085
E02000887,70.259,219.269,83.783,18.376,78.316
E02000888,77.043,623.945,106.077,47.945,89.517
E02000889,74.804,704.825,99.099,54.945,85.855
E02000890,74.266,655.154,99.625,58.179,87.371
E02000893,62.865,128.361,67.803,7.827,66.277
E02000894,63.855,120.31,69.61,7.489,68.0
E02006853,64.078,125.307,68.162,5.339,67.003
E02006854,65.16,380.616,84.614,35.985,72.496
E02007112,68.52,416.196,94.043,38.587,81.624
E02007113,65.337,485.733,98.524,47.114,84.111
E02007114,63.954,140.593,71.232,10.106,68.208
E02000895,43.207,218.735,51.22,9.968,49.26
E02000896,41.373,195.168,47.439,7.864,45.806
E02000897,45.651,146.252,51.786,7.476,50.297
E02000898,48.14,128.576,53.069,7.387,51.399
E02000899,49.477,160.443,57.068,10.521,54.699
E02000900,52.129,470.111,68.199,34.521,58.72
E02000901,49.047,260.799,56.744,13.314,53.391
E02000902,52.416,642.022,67.59,31.265,58.511
E02000903,53.299,363.579,61.893,25.431,56.995
E02000904,51.275,354.346,66.868,24.367,59.268
E02000905,55.103,168.891,61.88,11.843,58.895
E02000906,55.616,129.492,61.498,9.363,59.27
E02000907,55.255,262.283,61.316,11.424,58.592
E02000908,55.125,181.983,59.872,9.811,57.543
E02000909,54.458,382.109,62.289,14.385,58.938
E02000910,57.184,303.499,67.723,21.036,61.972
E02000911,56.721,225.169,64.507,14.207,60.451
E02000912,55.841,162.428,58.328,4.852,57.583
E02000913,56.833,428.198,64.508,17.468,60.409
E02000914,57.771,307.204,68.944,20.514,63.599
E02000915,55.725,400.066,68.516,26.27,61.245
E02000916,56.646,297.703,64.074,16.028,60.269
E02000917,59.706,218.052,65.959,13.734,62.027
E02000918,57.122,421.734,77.522,39.829,65.598
E02000919,60.494,293.582,76.825,29.262,66.441
E02000920,59.199,313.217,72.408,25.053,65.227
E02000921,60.988,295.053,72.775,24.962,66.049
E02000922,59.244,137.343,65.65,9.017,62.921
E02000923,69.295,229.181,77.942,14.559,73.963
E02000925,69.431,258.077,80.984,19.277,75.462
E02000926,67.223,255.055,76.9,16.947,72.277
E02000927,68.651,204.39,75.934,15.366,72.026
E02000928,59.178,183.68,65.466,11.421,62.726
E02000929,67.651,267.107,81.96,26.551,73.243
E02000930,67.567,237.43,77.407,18.092,72.219
E02000931,64.205,238.366,74.84,17.517,70.502
E02000932,62.119,454.353,78.051,28.801,68.888
E02000933,57.747,265.823,66.131,16.041,62.007
E02000934,67.414,260.979,84.437,26.779,75.047
E02000935,54.209,193.717,59.773,11.428,57.232
E02000936,58.691,206.991,67.712,14.51,63.68
E02000937,60.858,212.341,68.873,13.684,65.265
E02000938,56.291,269.295,62.702,13.868,59.37
E02000939,61.993,144.126,68.083,8.414,65.925
E02000940,61.085,318.859,72.556,18.556,67.366
E02000941,60.413,222.843,71.155,14.102,67.076
E02000942,57.037,245.385,65.631,13.853,62.375
E02000943,61.993,214.964,70.243,14.205,65.962
E02000944,57.504,174.561,63.314,10.217,60.716
E02000945,51.651,251.385,61.984,20.902,56.434
E02000946,57.982,198.657,66.385,13.107,62.65
E02000947,56.087,182.243,64.548,11.124,61.605
E02000948,58.321,172.927,64.852,11.489,61.788
E02000949,57.171,251.645,64.512,11.835,61.889
E02000950,55.206,128.869,58.982,5.689,57.758
E02000951,60.042,197.953,69.742,17.918,64.339
E02000952,59.415,137.691,65.445,10.751,62.534
E02000953,57.383,185.449,64.925,13.394,61.34
E02000954,58.174,175.091,63.545,10.578,61.122
E02000955,57.268,186.469,62.097,9.47,60.325
E02000956,56.023,191.095,63.832,13.028,60.802
E02000957,57.154,326.421,68.009,19.226,62.289
E02000958,56.402,145.345,60.589,6.519,58.982
E02000959,55.802,138.775,62.612,9.665,59.863
E02007083,70.873,347.783,82.756,22.448,76.541
E02007084,68.979,398.57,77.705,17.533,73.221
E02000960,73.407,440.584,81.315,21.53,76.78
E02000961,71.211,199.267,79.239,13.299,75.603
E02000962,75.902,374.761,94.343,30.648,83.628
E02000963,69.713,294.184,78.268,18.68,73.004
E02000964,70.251,328.153,83.924,21.112,77.234
E02000965,71.169,255.667,77.925,13.167,74.629
E02000966,72.274,233.05,87.188,18.69,82.317
E02000967,73.731,772.325,93.057,42.855,82.37
E02000968,81.379,651.447,105.99,54.534,89.152
E02000969,76.299,339.945,96.933,32.162,85.533
E02000970,87.554,1625.489,117.5,74.326,96.599
E02000971,84.57,1032.102,123.936,97.916,93.012
E02000972,89.418,1032.745,112.97,64.664,96.182
E02000973,74.752,270.005,92.324,27.069,82.041
E02000974,85.328,1740.255,116.548,83.937,93.224
E02000975,79.826,2877.56,109.759,90.314,95.906
E02000976,76.708,300.905,89.904,21.903,83.721
E02000977,87.555,1394.964,121.71,83.008,98.138
E02000978,73.854,1036.871,94.65,43.339,84.719
E02000979,83.045,1889.075,116.334,101.735,92.604
E02000980,81.125,592.074,100.298,42.264,87.356
E02000981,81.104,475.358,93.09,27.008,86.101
E02000982,80.003,1004.758,106.44,73.631,86.133
E02000983,80.468,462.47,99.491,40.743,84.509
