MSOA21CD,PM10-2019-min,PM10-2019-max,PM10-2019-mean,PM10-2019-std,PM10-2019-median
E02000002,13.86,41.633,14.551,1.184,14.272
E02000003,13.956,65.992,15.229,1.771,14.827
E02000004,14.613,24.008,15.633,1.108,15.132
E02000005,14.443,32.613,15.273,1.228,15.001
E02000007,14.456,28.798,15.555,1.169,15.324
E02000008,14.812,27.651,15.601,1.137,15.306
E02000009,14.996,29.543,15.882,1.256,15.521
E02000010,14.916,22.344,15.401,0.554,15.269
E02000011,14.626,26.624,16.641,1.273,16.505
E02000012,15.268,27.844,16.058,1.039,15.817
E02000013,14.988,29.056,15.558,0.848,15.373
E02000014,14.903,25.94,15.408,0.94,15.201
E02000015,14.588,28.762,15.391,1.021,15.199
E02000016,16.032,53.606,17.666,2.213,17.026
E02000017,15.745,26.022,16.505,1.02,16.296
E02000018,15.187,39.034,16.329,2.448,15.651
E02000019,14.716,34.786,15.845,2.243,15.202
E02000020,14.679,43.286,16.17,2.553,15.462
E02000021,14.672,39.476,15.711,1.774,15.258
E02000022,16.669,41.057,18.311,2.853,17.385
E02000023,14.767,34.957,16.436,2.717,15.707
E02006799,14.617,22.601,15.368,0.798,15.176
E02000024,13.668,35.353,14.485,1.026,14.267
E02000025,13.924,30.754,14.569,0.774,14.4
E02000026,14.068,25.219,14.643,0.684,14.556
E02000027,14.145,28.974,14.759,0.837,14.546
E02000028,14.685,33.304,15.638,1.598,15.196
E02000029,14.5,25.204,15.079,0.876,14.874
E02000030,13.714,29.243,14.592,1.164,14.374
E02000031,14.636,38.812,15.549,1.912,15.053
E02000032,14.624,24.396,15.19,0.696,15.049
E02000033,14.742,27.76,15.407,0.95,15.152
E02000034,14.877,35.245,15.381,1.123,15.15
E02000035,14.533,51.124,15.25,2.436,14.915
E02000036,14.194,39.664,15.954,2.232,15.229
E02000037,14.011,29.374,14.876,1.422,14.448
E02000038,14.971,37.651,15.737,1.589,15.353
E02000039,14.813,37.35,16.712,2.524,15.967
E02000040,14.424,24.392,15.076,0.56,14.997
E02000041,14.622,34.364,15.553,1.466,15.136
E02000042,14.994,58.635,15.895,1.959,15.481
E02000043,14.433,20.617,15.173,0.624,15.109
E02000044,15.02,29.751,15.959,1.3,15.54
E02000045,15.224,33.631,16.358,2.232,15.657
E02000046,15.234,41.402,16.056,1.767,15.659
E02000047,15.101,27.533,15.77,1.077,15.494
E02000048,15.327,39.853,16.366,2.108,15.668
E02000049,15.36,21.903,15.984,0.746,15.79
E02000050,15.28,42.48,16.445,2.312,15.763
E02000051,15.464,54.654,16.981,2.941,16.187
E02000052,15.591,30.08,16.196,1.143,15.899
E02000054,15.712,39.628,17.8,2.771,16.858
E02000055,15.805,46.418,17.06,2.194,16.472
E02000056,15.664,35.734,16.285,1.524,15.913
E02000057,16.084,53.46,17.914,3.644,16.728
E02000058,15.737,44.929,16.803,2.307,16.205
E02000059,15.587,47.117,16.85,2.124,16.143
E02000060,16.13,54.049,18.014,3.835,16.844
E02000061,15.908,40.831,16.832,1.705,16.432
E02000062,16.393,48.649,18.862,4.055,17.338
E02000063,16.323,37.298,17.311,2.27,16.682
E02000064,16.177,51.977,17.392,2.444,16.712
E02006953,15.627,24.603,16.255,0.905,15.99
E02006954,15.468,30.113,16.554,1.472,16.131
E02000065,14.633,22.74,15.049,0.701,14.891
E02000066,14.592,35.107,15.355,1.211,15.073
E02000067,14.627,34.323,15.523,1.172,15.208
E02000068,14.224,32.217,16.307,1.706,16.201
E02000069,14.355,24.647,15.077,0.895,14.914
E02000070,14.588,23.966,15.067,0.864,14.853
E02000071,14.439,22.034,14.81,0.566,14.67
E02000072,13.502,33.651,14.167,1.2,13.935
E02000073,14.646,29.597,15.117,0.67,14.94
E02000074,14.15,33.406,15.037,1.941,14.517
E02000075,14.503,26.429,14.92,0.738,14.782
E02000077,14.74,24.693,15.204,0.694,15.083
E02000078,14.199,26.627,14.704,0.748,14.561
E02000079,14.592,36.976,15.391,1.328,15.052
E02000080,14.721,36.361,15.717,1.3,15.424
E02000081,14.199,36.299,15.258,1.69,14.804
E02000082,14.746,40.479,16.419,3.043,15.54
E02000083,13.866,56.67,14.877,2.038,14.369
E02000084,14.495,42.288,15.91,2.397,15.127
E02000085,14.493,40.346,16.179,3.029,15.274
E02000086,14.425,23.624,14.876,0.548,14.773
E02000087,13.599,50.055,15.043,2.206,14.481
E02000088,14.059,24.413,14.96,1.017,14.775
E02000089,14.46,23.049,14.922,0.797,14.751
E02000090,14.346,29.449,15.173,1.442,14.737
E02000091,14.094,31.51,14.979,1.345,14.667
E02000092,13.474,31.013,14.261,1.035,14.08
E02006785,14.84,25.211,15.4,0.951,15.176
E02000093,15.17,29.193,15.712,0.852,15.524
E02000094,15.387,29.835,16.158,1.128,15.88
E02000095,15.251,34.585,16.135,1.577,15.701
E02000096,15.114,30.154,15.582,1.06,15.35
E02000097,15.29,29.935,16.009,1.007,15.8
E02000098,15.302,28.324,15.809,0.837,15.611
E02000099,15.148,23.38,15.646,0.594,15.545
E02000100,14.976,42.146,15.903,1.975,15.447
E02000101,15.542,43.605,17.18,2.108,16.713
E02000102,15.772,47.865,17.391,3.446,16.653
E02000103,16.009,57.139,17.241,2.732,16.579
E02000104,15.477,27.396,16.273,0.94,16.009
E02000105,15.404,33.762,16.214,1.708,15.75
E02000106,16.431,61.364,19.193,4.769,17.647
E02000107,16.151,35.119,16.835,1.532,16.491
E02000108,15.28,21.219,15.612,0.526,15.492
E02000110,16.174,33.54,16.619,0.9,16.418
E02000111,15.473,33.305,16.311,1.496,15.936
E02000112,15.848,52.046,17.458,2.153,16.958
E02000113,16.485,52.011,19.084,4.663,17.569
E02000114,16.279,37.004,16.873,1.838,16.542
E02000115,16.267,34.218,16.914,1.198,16.586
E02000116,16.262,49.007,16.838,1.853,16.48
E02000117,16.375,39.377,17.584,2.094,16.968
E02000118,16.051,29.69,16.627,0.691,16.455
E02000119,16.484,47.753,18.128,2.36,17.601
E02000120,16.623,29.918,17.343,1.229,17.017
E02000121,15.696,39.611,16.901,1.967,16.408
E02000122,16.271,24.799,16.723,0.685,16.536
E02000123,16.546,49.239,17.824,2.275,17.251
E02000124,16.483,26.983,17.286,1.118,16.976
E02000125,16.445,27.692,17.183,1.164,16.9
E02000126,17.006,28.547,17.707,1.082,17.404
E02006955,16.623,29.886,18.316,1.348,18.203
E02006956,16.861,29.729,18.134,0.931,18.043
E02000127,14.399,25.984,15.047,0.794,14.844
E02000128,14.063,24.41,14.568,0.738,14.414
E02000130,14.973,33.63,15.692,1.121,15.405
E02000131,15.06,26.903,15.689,1.046,15.434
E02000132,14.857,29.151,15.465,1.189,15.122
E02000133,13.718,30.122,14.477,1.082,14.311
E02000134,14.366,28.174,15.345,1.361,14.992
E02000135,14.978,27.362,15.717,1.353,15.386
E02000136,13.707,29.826,14.318,1.162,14.031
E02000137,14.379,25.792,14.899,0.883,14.692
E02000138,14.554,25.521,15.077,0.93,14.839
E02000139,14.805,30.019,15.411,1.241,15.105
E02000140,13.779,28.735,14.53,1.265,14.169
E02000141,14.855,30.043,15.657,1.471,15.266
E02000142,14.13,31.71,15.004,1.281,14.678
E02000144,14.275,37.752,15.154,1.378,14.778
E02000145,12.906,24.325,13.496,0.622,13.35
E02000146,13.955,30.197,14.689,1.242,14.402
E02000147,14.153,22.953,14.641,0.692,14.484
E02000148,13.624,19.907,14.034,0.398,13.948
E02000149,13.653,28.534,14.127,0.909,13.921
E02000150,14.201,23.944,14.783,0.692,14.633
E02000151,13.573,22.011,14.028,0.684,13.865
E02000152,13.653,28.378,14.203,0.917,13.986
E02000153,13.886,22.996,14.437,0.693,14.29
E02000154,13.55,24.634,14.115,1.071,13.819
E02000155,13.1,23.311,13.841,0.812,13.679
E02000156,13.992,28.285,14.529,0.947,14.304
E02000157,13.393,23.614,13.908,0.858,13.72
E02000158,13.037,24.03,13.518,0.641,13.415
E02000159,13.21,36.988,13.983,1.262,13.704
E02000160,13.311,29.337,13.936,0.894,13.778
E02000161,13.186,25.65,13.682,0.717,13.549
E02000162,12.591,34.637,13.154,0.749,13.026
E02000163,12.576,28.547,13.195,0.867,13.011
E02000165,12.563,22.007,13.264,0.593,13.179
E02006782,14.296,25.396,14.793,0.754,14.728
E02006787,14.687,29.906,15.426,1.278,15.085
E02006789,12.416,22.966,12.977,0.533,12.907
E02000166,15.776,26.928,16.48,0.748,16.395
E02000167,15.855,25.681,16.52,0.918,16.34
E02000168,17.023,28.467,17.812,1.144,17.445
E02000169,16.165,51.795,16.972,2.237,16.554
E02000170,16.181,55.434,17.357,2.58,16.797
E02000171,16.573,23.872,17.404,0.887,17.156
E02000172,17.113,27.915,17.801,0.88,17.57
E02000173,16.606,39.769,17.63,2.055,17.088
E02000174,17.32,33.144,18.438,1.295,18.085
E02000175,16.546,51.795,17.592,2.535,16.952
E02000176,16.813,28.685,17.331,1.065,17.062
E02000177,17.035,27.848,18.044,1.006,17.822
E02000178,16.574,29.074,17.414,1.477,16.955
E02000179,16.837,26.153,17.755,1.115,17.461
E02000180,18.095,39.681,19.566,2.327,18.935
E02000181,16.665,28.185,17.17,1.064,16.916
E02000182,16.736,46.614,18.147,3.081,17.317
E02000183,17.222,31.179,18.391,1.515,17.987
E02000184,18.035,41.353,20.01,1.971,19.48
E02000185,17.05,35.323,18.044,1.574,17.566
E02000186,17.714,88.287,19.986,4.3,18.964
E02000187,18.813,63.734,21.64,3.842,20.804
E02000188,18.653,65.225,20.919,3.729,20.2
E02000191,20.644,90.161,23.565,6.912,21.781
E02000192,20.746,41.451,21.944,2.356,21.34
E02000193,21.136,69.101,23.071,4.184,21.914
E02007115,20.405,58.246,22.113,3.531,21.161
E02000001,19.714,82.349,23.384,4.604,22.254
E02000194,14.984,29.255,15.893,1.212,15.584
E02000195,15.265,29.085,15.82,1.051,15.557
E02000196,15.276,36.655,15.723,1.145,15.518
E02000197,15.265,36.679,15.851,1.567,15.57
E02000198,15.277,24.436,15.689,0.717,15.486
E02000199,15.237,25.328,15.715,0.921,15.451
E02000200,14.976,25.495,15.592,0.975,15.357
E02000201,14.81,28.411,15.789,1.586,15.351
E02000202,15.263,27.965,15.778,1.243,15.524
E02000203,15.234,28.085,15.93,1.289,15.558
E02000204,15.183,34.824,16.032,1.715,15.604
E02000206,15.004,28.601,15.752,1.103,15.487
E02000207,14.638,33.929,15.517,1.284,15.226
E02000208,15.239,31.583,16.012,1.421,15.681
E02000209,15.192,35.855,16.346,1.768,15.907
E02000210,15.119,23.586,15.58,0.596,15.447
E02000211,14.434,29.303,14.85,0.597,14.764
E02000212,15.032,31.377,16.408,1.814,15.981
E02000213,15.472,32.679,16.754,1.753,16.26
E02000214,14.664,27.823,15.624,1.21,15.356
E02000215,15.413,29.861,16.384,1.38,15.981
E02000216,15.166,28.87,16.447,1.356,16.066
E02000217,14.978,34.543,16.96,2.443,16.305
E02000218,14.019,26.407,14.525,0.9,14.32
E02000219,14.019,34.698,15.074,1.437,14.711
E02000221,14.361,34.96,15.461,1.63,15.068
E02000222,14.402,32.561,15.633,1.463,15.236
E02000223,13.777,24.454,14.242,0.69,14.064
E02000224,14.461,30.848,15.286,1.511,14.866
E02000225,13.511,17.265,13.908,0.29,13.882
E02000226,13.79,26.049,14.808,1.037,14.417
E02000227,13.179,31.611,14.06,1.183,13.849
E02000228,13.734,25.334,14.375,0.79,14.221
E02000229,13.194,18.208,13.722,0.519,13.648
E02000230,14.045,34.253,15.136,1.651,14.688
E02000231,13.898,31.67,14.484,1.056,14.238
E02000232,13.234,23.757,13.672,0.633,13.555
E02000233,13.425,26.548,14.255,1.191,13.975
E02000234,13.475,32.206,14.345,1.263,14.123
E02000235,13.113,25.794,13.639,0.728,13.501
E02000236,13.078,31.59,14.041,1.117,13.892
E02000237,12.904,19.717,13.33,0.443,13.256
E02006788,14.765,22.746,15.169,0.732,14.989
E02006987,16.16,39.448,18.503,2.671,17.702
E02006988,14.969,34.112,16.637,1.813,16.081
E02000238,15.158,31.266,15.878,1.05,15.661
E02000239,15.239,26.272,15.66,0.844,15.441
E02000240,15.47,38.801,16.968,2.746,16.053
E02000241,15.377,39.143,16.553,2.286,15.936
E02000242,15.411,18.797,15.923,0.377,15.842
E02000243,15.305,40.627,16.64,2.574,15.847
E02000244,15.312,34.941,17.166,2.983,16.168
E02000245,15.278,40.673,16.978,2.635,16.198
E02000246,15.09,40.213,16.123,1.544,15.67
E02000247,15.286,36.332,16.509,2.437,15.836
E02000248,16.091,55.106,19.392,4.642,17.873
E02000249,15.363,33.919,16.309,1.969,15.791
E02000250,15.588,33.641,16.465,1.121,16.262
E02000251,15.387,25.796,15.866,0.674,15.743
E02000252,16.575,53.304,18.701,3.328,17.791
E02000253,15.342,47.416,16.018,1.428,15.696
E02000254,15.246,22.772,15.87,0.728,15.747
E02000255,15.473,24.9,16.077,0.901,15.854
E02000256,15.904,28.139,16.575,0.974,16.362
E02000258,16.578,27.45,17.105,0.797,16.92
E02000259,15.264,27.362,15.703,0.873,15.551
E02000260,15.478,27.689,16.572,1.339,16.173
E02000261,16.726,51.259,18.077,3.129,17.249
E02000262,16.871,47.922,17.925,2.37,17.356
E02000263,15.49,30.428,16.513,1.104,16.324
E02000264,16.72,35.676,18.492,2.099,17.898
E02000265,15.725,30.702,16.534,1.465,16.105
E02000266,15.307,38.326,16.19,1.395,15.871
E02000267,15.434,32.77,16.405,1.635,15.994
E02000268,16.283,26.632,18.286,1.33,18.131
E02000269,16.029,24.839,16.692,0.757,16.496
E02000270,16.972,35.411,17.691,1.424,17.409
E02000271,16.696,47.48,17.227,1.682,16.976
E02000272,15.414,24.733,16.216,0.765,16.109
E02000275,15.504,26.423,16.666,1.109,16.329
E02000276,16.223,26.802,17.418,1.119,17.076
E02006791,16.793,23.025,17.326,0.71,17.128
E02006968,16.168,34.777,17.006,1.255,16.764
E02006969,16.63,34.824,17.969,2.062,17.284
E02006970,15.78,23.899,17.024,0.691,17.015
E02006971,15.648,26.242,16.225,0.844,16.063
E02000277,14.038,35.81,15.861,3.415,14.626
E02000278,14.091,48.079,15.631,3.022,14.601
E02000279,13.843,33.25,14.822,2.28,14.248
E02000280,13.604,41.5,14.863,2.839,14.086
E02000281,13.921,44.164,14.903,1.912,14.455
E02000282,14.163,27.241,15.069,1.445,14.675
E02000283,14.156,31.685,14.784,0.983,14.606
E02000284,14.469,27.234,15.009,0.854,14.756
E02000285,14.392,26.88,14.86,0.82,14.666
E02000286,14.163,27.515,15.193,1.099,14.84
E02000287,13.668,25.716,14.185,0.843,14.002
E02000288,14.521,59.45,15.505,1.98,15.014
E02000289,13.95,24.357,14.464,0.671,14.372
E02000290,13.861,35.264,14.868,1.489,14.55
E02000291,14.715,27.379,15.252,1.166,14.955
E02000292,14.411,37.582,15.577,1.952,15.059
E02000293,14.385,29.378,14.928,0.812,14.727
E02000294,14.446,31.182,15.078,1.05,14.934
E02000295,14.429,20.869,14.983,0.642,14.855
E02000296,14.165,29.753,15.318,1.435,14.981
E02000297,14.691,30.194,15.582,1.535,15.172
E02000298,14.674,24.31,15.108,0.692,14.954
E02000299,14.843,23.276,15.372,0.78,15.204
E02000300,15.07,40.607,15.919,2.05,15.391
E02000301,14.432,30.58,15.19,1.116,14.921
E02000302,14.987,33.418,15.681,1.366,15.35
E02000303,15.146,41.807,16.232,2.583,15.526
E02000304,14.926,34.66,15.6,1.194,15.272
E02000305,14.92,40.772,15.721,1.641,15.37
E02000306,14.919,50.795,16.522,2.767,15.738
E02000307,15.287,41.684,17.087,3.282,16.01
E02000308,15.064,48.862,16.71,2.894,15.965
E02000309,15.273,51.953,17.481,4.269,16.2
E02000311,15.295,41.015,16.872,3.049,15.929
E02000312,15.101,48.239,16.533,2.778,15.832
E02006793,15.392,42.808,17.032,3.235,16.094
E02000313,14.932,23.161,15.743,1.091,15.355
E02000314,14.784,39.445,15.935,1.725,15.508
E02000315,14.989,35.494,15.324,0.721,15.197
E02000317,16.183,35.589,16.918,1.57,16.546
E02000318,15.095,30.072,15.777,1.271,15.483
E02000319,15.349,40.449,16.448,2.337,15.833
E02000320,14.767,27.041,15.39,0.986,15.12
E02000321,15.461,38.494,16.462,2.413,15.814
E02000323,15.335,29.555,16.391,1.364,16.01
E02000324,15.742,31.36,16.74,1.309,16.528
E02000326,16.505,40.012,18.143,2.417,17.521
E02000327,15.593,34.314,16.507,1.571,16.046
E02000328,16.372,33.07,17.552,1.575,17.217
E02000329,14.937,23.9,15.261,0.635,15.119
E02000331,15.6,39.23,16.8,2.019,16.18
E02000332,14.987,28.357,15.604,0.997,15.442
E02000333,15.645,42.614,17.113,2.342,16.532
E02000334,15.515,29.066,16.305,1.573,15.86
E02000335,15.137,38.895,16.164,2.032,15.74
E02000337,15.69,38.932,17.368,2.699,16.477
E02000339,15.144,40.167,16.761,2.732,15.995
E02000340,14.681,40.831,15.493,1.868,15.057
E02000341,14.888,37.497,15.879,1.795,15.35
E02000342,14.67,21.355,15.025,0.582,14.877
E02000343,14.584,30.587,15.566,1.642,15.113
E02000344,14.416,39.804,15.387,1.571,14.952
E02006786,14.786,29.461,15.478,0.997,15.249
E02006927,15.373,37.443,16.402,1.865,15.845
E02006928,16.695,37.663,17.942,2.37,17.205
E02006930,16.965,42.822,20.231,3.45,19.33
E02006931,16.256,46.69,17.36,2.294,16.815
E02006991,15.844,36.685,17.404,2.687,16.574
E02006992,17.019,50.764,20.178,3.727,19.112
E02006993,17.614,41.005,18.931,1.847,18.499
E02006994,16.392,37.391,17.872,2.214,17.254
E02000345,15.855,54.039,17.176,2.601,16.53
E02000346,16.519,38.873,18.111,2.676,17.232
E02000347,16.315,23.86,16.706,0.698,16.544
E02000348,15.908,32.144,17.05,1.843,16.612
E02000350,16.327,32.43,17.345,1.812,16.866
E02000351,16.768,43.115,17.758,1.96,17.209
E02000352,16.521,26.002,17.081,0.957,16.827
E02000353,16.568,29.684,17.629,1.553,17.156
E02000354,16.628,39.182,17.368,1.552,16.968
E02000355,16.348,40.089,17.575,2.097,17.005
E02000356,16.846,24.607,17.509,1.04,17.222
E02000357,15.896,27.063,16.401,0.831,16.195
E02000358,16.847,28.056,17.632,1.333,17.269
E02000359,16.347,26.791,16.977,0.985,16.754
E02000360,16.841,28.377,17.8,1.261,17.464
E02000361,16.833,39.204,18.813,2.419,17.976
E02000362,16.904,39.959,18.746,3.133,17.563
E02000363,16.797,27.319,17.883,1.36,17.513
E02000364,17.18,38.655,18.196,1.522,17.785
E02000366,17.07,28.948,18.054,1.472,17.576
E02000367,17.291,37.069,18.408,1.813,17.949
E02000368,17.468,30.571,18.734,1.2,18.473
E02000369,18.189,28.763,19.25,1.088,19.053
E02000370,18.601,36.403,19.724,1.619,19.411
E02006918,16.01,31.01,16.766,1.426,16.418
E02006921,15.92,29.382,16.856,1.34,16.585
E02007108,17.338,32.814,18.926,2.207,18.233
E02007109,17.539,29.634,18.607,1.311,18.259
E02007110,19.312,49.118,21.003,2.776,20.248
E02007111,19.384,52.141,22.038,3.32,21.355
E02000372,16.504,56.058,17.85,2.63,16.971
E02000373,17.063,42.261,18.405,2.859,17.83
E02000374,16.988,39.84,18.066,2.436,17.417
E02000375,17.631,44.522,19.742,2.326,19.379
E02000376,17.388,31.767,18.561,1.695,18.093
E02000377,16.947,31.999,18.12,1.839,17.554
E02000378,17.845,47.948,19.323,3.206,18.505
E02000379,16.701,31.65,17.829,1.611,17.279
E02000380,17.962,28.573,18.797,1.353,18.397
E02000381,17.483,44.798,18.294,1.966,17.982
E02000382,18.18,51.727,21.233,4.43,19.94
E02000383,17.473,50.541,19.306,3.6,18.207
E02000384,17.687,86.75,21.59,5.917,19.582
E02000385,16.984,56.889,19.236,5.238,17.772
E02000386,17.118,43.07,18.19,1.788,17.816
E02000387,16.993,56.271,17.786,2.346,17.317
E02000388,17.263,46.638,18.424,1.485,18.209
E02000389,16.195,41.959,17.168,2.386,16.743
E02000390,16.742,23.257,17.423,0.873,17.214
E02000391,16.731,38.032,18.424,2.239,18.127
E02000392,16.681,37.321,17.558,1.501,17.151
E02000393,16.675,29.641,17.339,1.461,16.936
E02000394,16.775,26.839,17.306,0.649,17.165
E02000395,16.155,43.672,16.864,1.641,16.464
E02000396,16.405,35.432,17.435,1.826,16.912
E02000397,15.439,28.357,15.943,0.863,15.772
E02000398,15.437,30.342,16.043,1.053,15.817
E02000400,15.178,42.974,16.194,1.68,15.745
E02000401,15.363,43.516,16.527,2.097,15.995
E02000402,15.408,28.448,16.176,1.139,15.894
E02000403,15.373,34.688,16.401,1.645,15.997
E02000404,15.554,26.161,16.218,1.084,15.937
E02000405,15.176,22.619,15.734,0.573,15.63
E02000406,15.854,24.867,16.352,0.871,16.117
E02000407,15.88,52.572,16.838,2.93,16.213
E02000408,15.796,44.611,17.008,2.846,16.326
E02000409,15.779,28.657,16.366,1.036,16.111
E02000410,15.315,30.551,16.176,1.586,15.768
E02000411,15.657,41.459,16.655,1.954,16.076
E02000412,15.844,76.515,17.203,3.823,16.389
E02000413,15.233,20.185,15.638,0.452,15.586
E02000414,15.848,21.779,16.318,0.64,16.162
E02000415,15.868,34.902,16.751,1.428,16.403
E02000416,15.717,36.663,16.645,1.352,16.304
E02000417,15.557,32.513,16.204,1.349,15.828
E02000418,15.685,27.499,16.419,1.16,16.136
E02000419,16.245,40.234,17.404,2.301,16.673
E02000420,16.178,47.155,17.284,2.669,16.551
E02000421,15.834,53.979,17.945,3.352,16.967
E02000422,16.435,32.391,17.374,1.635,16.945
E02000423,16.623,29.925,17.435,1.53,17.004
E02000424,16.147,24.522,16.522,0.722,16.345
E02000425,15.735,39.101,16.752,1.894,16.335
E02000426,15.603,31.666,16.418,1.52,15.95
E02000427,16.26,38.819,17.269,1.528,16.865
E02000428,16.57,33.806,17.373,1.682,16.943
E02000429,15.702,31.254,16.379,0.941,16.176
E02000430,16.19,31.558,16.891,1.44,16.484
E02000431,16.186,31.992,17.194,1.761,16.673
E02000432,16.306,25.133,16.871,0.741,16.678
E02006794,15.49,28.215,16.305,1.491,15.916
E02000433,13.718,28.247,14.408,1.178,14.068
E02000434,14.371,24.372,14.896,0.766,14.701
E02000435,14.065,26.334,14.724,0.852,14.583
E02000436,13.63,29.999,14.228,0.88,14.027
E02000437,14.295,28.549,15.424,1.477,15.084
E02000438,14.015,29.003,15.415,1.501,15.084
E02000439,14.83,29.271,15.407,1.039,15.161
E02000440,14.49,23.45,15.221,0.833,15.035
E02000441,13.637,26.855,14.232,0.993,14.002
E02000442,14.82,23.869,15.567,0.899,15.358
E02000443,15.094,27.406,15.621,1.078,15.349
E02000444,14.882,32.689,15.634,1.204,15.312
E02000445,15.023,28.518,15.902,1.191,15.632
E02000447,14.682,23.011,15.29,0.572,15.156
E02000448,14.191,21.806,14.612,0.66,14.462
E02000449,15.212,33.2,15.898,1.48,15.531
E02000451,14.393,24.896,15.105,0.888,14.911
E02000452,14.938,34.493,15.797,1.522,15.384
E02000453,14.801,28.203,15.36,1.132,15.067
E02000454,14.217,20.047,14.767,0.57,14.689
E02000455,14.973,29.347,16.09,1.488,15.636
E02000456,14.835,28.666,15.3,0.922,15.083
E02000457,14.615,23.024,15.205,0.676,15.068
E02000459,14.923,29.181,15.665,1.035,15.45
E02000460,15.157,22.699,15.781,0.778,15.593
E02000461,14.868,31.963,15.527,1.385,15.188
E02000462,15.119,27.886,15.996,1.217,15.704
E02000463,15.454,21.191,16.01,0.502,15.912
E02006795,14.769,22.673,15.346,0.493,15.281
E02006882,15.222,28.37,15.93,0.912,15.719
E02000464,12.91,34.704,13.676,2.418,13.104
E02000465,12.999,40.18,14.209,2.786,13.45
E02000466,12.935,22.143,13.364,0.46,13.225
E02000467,13.321,20.226,13.764,0.533,13.643
E02000468,13.103,29.589,13.595,0.676,13.417
E02000469,13.402,30.416,14.179,1.54,13.783
E02000470,12.957,40.112,13.821,2.056,13.268
E02000471,13.497,34.188,14.438,1.58,14.114
E02000472,13.869,45.4,14.772,1.7,14.332
E02000473,13.137,26.683,14.093,1.151,13.825
E02000474,13.854,36.201,14.719,1.772,14.307
E02000475,13.742,30.187,14.421,1.293,14.106
E02000476,13.99,49.838,15.966,2.945,15.183
E02000477,13.873,23.767,14.398,0.688,14.23
E02000478,13.142,22.223,13.707,0.559,13.624
E02000479,14.172,37.171,15.589,2.036,15.006
E02000480,14.26,39.253,15.029,1.54,14.577
E02000481,12.15,37.512,13.584,2.539,13.058
E02000482,13.138,20.934,13.51,0.673,13.34
E02000483,13.607,25.586,14.42,1.125,14.107
E02000484,13.931,26.779,14.745,1.188,14.49
E02000485,13.199,25.732,13.896,0.97,13.703
E02000486,13.78,20.423,14.303,0.735,14.129
E02000487,12.841,34.049,13.43,1.332,13.216
E02000488,13.531,18.297,13.913,0.363,13.869
E02000489,13.576,26.536,14.587,1.091,14.51
E02000490,13.724,26.811,14.507,1.004,14.329
E02000491,14.03,31.607,15.298,1.452,14.892
E02000492,13.205,40.371,14.273,1.451,13.874
E02000493,13.792,27.551,14.651,0.804,14.558
E02000494,12.985,27.651,13.534,0.781,13.387
E02000495,13.353,27.007,14.095,1.061,13.868
E02000496,12.674,19.782,13.105,0.367,13.024
E02000497,13.559,29.078,14.454,0.943,14.334
E02000498,13.19,22.137,13.857,0.641,13.786
E02000499,14.252,20.582,14.858,0.623,14.756
E02000500,13.567,29.884,14.637,1.179,14.472
E02000501,14.484,21.706,15.107,0.507,14.985
E02000502,13.839,36.306,15.155,1.639,14.674
E02000503,14.655,26.407,15.919,1.282,15.605
E02000504,13.547,29.702,14.567,1.246,14.351
E02000506,13.174,47.69,14.775,2.156,14.406
E02000507,14.454,41.135,15.621,2.356,14.868
E02000508,14.034,29.602,14.933,1.359,14.567
E02000509,13.758,30.105,14.766,1.389,14.41
E02000510,14.23,32.132,15.124,1.395,14.756
E02000511,14.655,24.692,15.13,0.597,15.044
E02000512,14.46,29.254,15.319,1.221,15.044
E02000513,14.945,20.188,15.393,0.566,15.28
E02000514,14.945,33.174,15.526,1.073,15.282
E02000515,13.791,25.181,14.495,0.95,14.336
E02000516,15.186,35.318,15.8,1.158,15.433
E02000517,15.086,31.947,16.073,1.542,15.547
E02000518,14.495,28.244,16.2,1.479,15.939
E02000519,15.162,28.921,16.221,1.624,15.791
E02000520,15.127,35.086,16.137,1.373,15.865
E02000521,14.913,38.721,16.138,2.286,15.475
E02000522,14.082,31.487,15.183,1.439,14.844
E02000523,15.198,37.769,16.84,2.104,16.227
E02000524,14.064,122.781,15.734,2.301,15.2
E02000525,14.899,34.257,16.188,2.318,15.492
E02006796,14.946,43.83,18.791,3.638,17.469
E02000526,16.738,72.242,19.558,5.742,17.996
E02000529,15.361,32.054,16.468,1.656,15.922
E02000530,15.465,42.154,16.956,2.689,16.09
E02000531,15.319,45.421,17.834,3.075,17.218
E02000532,15.66,47.897,17.153,3.081,16.344
E02000533,15.707,48.007,17.291,2.933,16.504
E02000534,15.14,39.402,16.662,2.164,15.952
E02000535,15.411,38.187,16.526,2.106,15.879
E02000536,15.255,36.614,16.239,1.774,15.737
E02000537,15.136,41.136,15.948,1.481,15.632
E02000538,15.256,41.8,16.597,2.039,16.029
E02000539,15.198,32.544,16.387,1.44,15.959
E02000540,15.457,28.255,16.2,1.255,15.89
E02000541,15.316,35.085,16.164,1.465,15.812
E02000542,15.345,34.786,16.31,1.459,15.872
E02000543,15.072,34.144,16.226,1.527,15.872
E02000544,15.129,18.774,15.596,0.391,15.516
E02000545,15.18,30.659,15.808,0.944,15.621
E02000546,14.656,26.491,15.338,0.831,15.202
E02000547,15.448,32.028,16.546,1.194,16.26
E02000548,14.064,29.731,16.139,1.495,15.784
E02000549,14.474,34.97,15.56,1.363,15.267
E02000550,14.892,24.037,16.244,1.125,15.874
E02000551,14.418,33.849,15.345,1.776,14.84
E02000552,14.033,21.596,14.919,0.745,14.791
E02000553,13.938,27.742,14.931,1.475,14.581
E02006792,17.022,50.116,18.939,3.654,17.785
E02006972,17.314,48.335,19.932,3.477,19.056
E02006973,15.765,51.425,18.528,4.36,17.7
E02000554,16.304,31.996,17.082,1.203,16.76
E02000555,16.351,30.649,17.383,1.471,16.958
E02000556,16.542,31.228,17.188,0.994,16.996
E02000557,16.838,29.453,17.998,1.701,17.435
E02000558,16.753,38.388,18.143,2.137,17.571
E02000559,16.947,36.066,17.617,1.346,17.259
E02000560,17.078,33.09,18.603,1.962,17.982
E02000561,17.042,29.414,17.401,0.75,17.231
E02000562,16.947,27.068,17.622,1.008,17.332
E02000563,17.127,34.644,18.261,1.981,17.737
E02000564,17.18,43.746,18.365,2.092,17.852
E02000565,17.088,29.104,17.943,1.121,17.648
E02000566,17.155,35.689,18.523,1.806,18.206
E02000567,17.249,32.346,18.51,1.388,18.116
E02000568,17.699,29.943,19.023,1.281,18.588
E02000569,17.703,34.071,19.281,2.078,18.798
E02000570,18.402,31.642,19.879,1.173,19.573
E02000571,18.085,33.093,19.241,1.55,18.838
E02000572,19.845,41.51,22.712,1.934,22.318
E02000573,18.834,69.262,20.702,3.227,19.942
E02000574,20.107,56.963,22.48,3.536,21.346
E02000575,19.862,56.482,21.49,2.892,20.735
E02000576,19.909,61.648,21.652,3.452,20.955
E02000577,16.733,44.454,18.112,2.611,17.572
E02000578,16.854,26.555,17.745,0.847,17.585
E02000579,17.202,47.379,20.135,3.608,18.828
E02000580,17.852,41.344,19.267,2.728,18.504
E02000581,17.949,66.751,19.47,2.86,18.788
E02000582,17.872,33.385,18.841,1.633,18.354
E02000583,17.668,42.77,18.984,2.399,18.189
E02000584,17.425,54.777,18.689,3.072,18.04
E02000585,17.396,65.91,18.706,3.379,17.866
E02000586,17.637,68.954,18.559,3.148,18.022
E02000587,17.42,56.034,18.761,3.845,17.877
E02000588,18.126,62.652,19.659,4.638,18.522
E02000589,17.69,59.902,19.274,5.006,17.93
E02000590,18.042,62.723,19.408,3.564,18.423
E02000591,17.534,64.238,20.513,5.708,18.087
E02000592,17.813,48.996,19.289,3.543,18.298
E02000593,17.733,52.33,19.252,3.655,18.037
E02000594,17.887,50.68,19.496,3.167,18.509
E02000595,17.906,53.131,19.017,2.829,18.189
E02000596,17.894,45.543,18.773,2.62,18.101
E02000597,17.222,55.521,19.376,3.935,18.075
E02000598,14.479,24.947,15.174,0.851,15.034
E02000599,14.644,42.105,15.47,1.517,15.006
E02000600,14.711,26.442,15.634,1.176,15.313
E02000601,14.689,24.657,15.388,0.868,15.209
E02000602,14.624,42.784,16.092,2.276,15.46
E02000603,14.58,26.267,15.19,1.053,14.963
E02000604,14.878,42.423,15.55,1.252,15.245
E02000605,14.521,25.471,15.053,0.77,14.927
E02000606,14.402,33.268,15.855,2.038,15.228
E02000607,14.45,16.311,14.7,0.207,14.626
E02000608,14.197,25.399,15.089,1.187,14.78
E02000609,14.548,46.577,16.118,2.747,15.262
E02000610,14.164,29.065,14.955,1.114,14.721
E02000611,14.45,29.75,15.19,1.752,14.706
E02000612,14.468,43.28,15.709,1.786,15.389
E02000613,14.235,36.563,15.61,1.864,15.111
E02000614,13.972,30.54,15.593,2.211,15.021
E02000615,14.015,43.41,15.441,2.319,14.78
E02000616,13.469,19.232,14.105,0.456,14.094
E02000617,13.035,25.594,13.655,0.894,13.42
E02000619,18.133,38.299,19.319,1.968,18.797
E02000620,18.098,47.632,19.488,2.604,18.651
E02000621,17.517,48.719,19.937,3.346,18.789
E02000622,16.86,42.256,18.86,2.46,18.209
E02000623,17.148,30.475,18.436,1.636,18.03
E02000624,17.026,32.364,18.218,1.922,17.673
E02000625,16.995,33.938,18.075,1.879,17.487
E02000626,16.759,25.272,17.153,0.535,17.02
E02000627,16.734,29.055,17.62,1.319,17.317
E02000628,16.963,37.804,18.069,2.17,17.488
E02000629,16.899,32.453,17.779,1.926,17.246
E02000630,16.872,40.318,18.072,2.006,17.475
E02000631,16.339,30.139,17.017,1.085,16.712
E02000632,16.5,38.464,17.388,1.626,17.001
E02000633,16.565,41.205,18.064,2.582,17.273
E02000634,16.378,41.052,17.97,2.36,17.264
E02000635,15.914,29.055,16.78,1.146,16.565
E02000636,16.378,37.294,17.212,1.714,16.775
E02000637,16.084,36.765,17.06,2.012,16.591
E02000638,16.298,37.852,17.308,2.189,16.661
E02000639,16.211,34.029,17.5,2.254,16.771
E02000640,15.935,38.391,16.704,1.431,16.353
E02000641,15.867,30.999,16.754,1.441,16.348
E02000642,15.669,40.479,16.693,1.661,16.223
E02000643,15.767,33.071,16.862,1.975,16.328
E02000644,15.678,27.227,16.098,0.754,15.931
E02000645,15.526,33.537,16.345,1.461,15.956
E02000646,15.625,41.171,16.733,2.322,16.08
E02000647,15.592,23.491,15.972,0.675,15.799
E02000648,15.492,27.324,16.145,1.167,15.816
E02000649,15.597,56.227,16.865,2.688,16.085
E02000650,15.424,26.867,15.948,0.98,15.677
E02000651,15.455,42.877,16.341,2.1,15.821
E02000652,15.531,26.136,16.103,0.997,15.86
E02006801,18.964,79.177,21.447,4.082,20.377
E02000653,16.585,30.875,17.25,1.194,16.985
E02000654,16.51,37.685,17.452,1.943,16.926
E02000655,16.467,49.259,17.2,2.046,16.768
E02000657,16.149,40.068,17.475,2.157,16.839
E02000658,16.162,45.861,17.337,2.274,16.701
E02000659,15.856,49.334,16.69,1.529,16.334
E02000660,15.926,31.047,16.734,1.221,16.452
E02000661,15.847,43.26,17.026,2.287,16.351
E02000662,15.72,28.383,16.384,0.763,16.212
E02000663,15.753,31.38,16.302,1.202,16.031
E02000665,15.411,29.517,16.109,1.301,15.799
E02000666,15.488,24.735,16.146,0.867,15.936
E02000667,15.445,24.422,16.105,0.938,15.892
E02000668,15.355,36.784,16.142,1.753,15.668
E02000669,15.448,31.604,16.129,1.387,15.795
E02000670,15.467,32.335,16.44,1.689,15.945
E02000671,15.446,26.848,16.103,1.165,15.778
E02000672,15.418,40.108,16.508,2.204,15.869
E02000673,15.479,28.673,16.173,1.261,15.8
E02000674,15.16,29.162,15.69,0.976,15.46
E02000675,14.873,37.085,15.722,1.523,15.316
E02000676,15.508,27.241,16.036,1.173,15.733
E02000677,15.15,30.739,15.774,1.302,15.477
E02000678,14.945,30.458,15.29,0.632,15.15
E02000679,15.344,25.869,15.853,0.816,15.636
E02000680,15.381,26.373,16.083,1.129,15.764
E02000681,15.18,27.862,15.686,0.994,15.426
E02000682,15.017,31.007,15.616,1.286,15.332
E02000683,14.392,22.361,15.056,0.788,14.912
E02000685,15.298,30.533,15.974,1.296,15.621
E02000686,14.586,28.55,15.36,1.055,15.199
E02000687,15.273,29.248,16.034,1.325,15.674
E02006783,14.861,22.829,15.303,0.749,15.095
E02006784,14.565,39.165,15.401,1.462,15.072
E02006798,16.492,48.031,17.599,2.301,17.032
E02007008,15.961,37.976,17.786,3.14,16.786
E02007009,15.559,36.914,16.874,2.18,16.27
E02000689,15.227,30.388,15.97,1.067,15.776
E02000690,14.719,23.467,15.157,0.579,15.012
E02000691,15.508,25.702,16.251,1.109,15.936
E02000692,15.293,29.708,15.933,1.015,15.662
E02000693,15.444,31.563,16.297,1.555,15.85
E02000694,15.618,31.028,16.434,1.596,15.987
E02000695,15.477,26.944,16.036,1.052,15.804
E02000696,15.355,27.512,15.938,1.228,15.619
E02000697,15.194,31.155,16.188,1.453,15.801
E02000698,14.929,28.885,15.73,1.083,15.46
E02000699,15.163,29.499,15.976,1.219,15.681
E02000700,15.084,32.988,15.885,1.369,15.51
E02000701,15.384,41.048,16.538,2.168,15.875
E02000702,15.202,31.09,15.948,1.174,15.651
E02000703,15.147,33.819,15.792,1.44,15.449
E02000704,15.192,35.427,16.544,1.925,15.994
E02000705,15.309,23.991,15.927,0.704,15.76
E02000706,15.109,37.495,15.913,1.688,15.502
E02000707,15.235,27.292,15.628,0.871,15.436
E02000708,15.34,32.23,16.745,1.759,16.36
E02000709,14.954,23.847,15.561,0.649,15.391
E02000710,14.976,38.833,15.857,1.659,15.38
E02000711,14.991,38.28,16.187,2.076,15.521
E02000712,14.828,30.943,15.456,0.997,15.198
E02000713,14.8,29.76,15.61,0.824,15.453
E02000714,15.833,26.048,16.557,0.885,16.345
E02000715,15.791,37.958,16.701,2.156,16.114
E02000716,15.335,35.559,16.018,1.173,15.794
E02000717,15.803,37.149,16.715,2.376,16.152
E02000718,15.8,40.23,17.328,3.208,16.263
E02000719,16.21,23.118,16.761,0.547,16.633
E02000720,15.666,30.636,16.523,1.254,16.293
E02000721,16.273,32.04,17.148,1.627,16.669
E02000722,16.609,29.584,17.514,1.408,17.161
E02000723,15.925,31.498,16.451,1.081,16.224
E02000724,15.991,23.613,16.328,0.605,16.195
E02000725,17.171,49.21,19.077,2.494,18.363
E02000727,16.275,23.029,16.893,0.857,16.646
E02000728,15.948,33.666,17.168,2.766,16.456
E02000729,16.462,24.636,16.965,0.865,16.727
E02000730,16.353,22.762,16.818,0.717,16.611
E02000731,16.384,51.669,17.355,2.561,16.888
E02000732,16.485,35.12,16.953,1.187,16.778
E02000733,16.786,33.166,17.746,1.454,17.378
E02000734,16.681,31.059,17.568,1.518,17.127
E02000735,16.513,45.919,17.23,1.865,16.925
E02000736,16.505,48.922,18.915,4.519,17.296
E02000737,16.515,31.891,17.251,1.303,17.002
E02000738,16.77,34.891,17.743,2.064,17.447
E02000739,16.955,30.986,17.972,1.582,17.561
E02000740,16.766,26.093,17.3,0.695,17.152
E02000741,17.152,41.062,18.526,1.81,18.266
E02000742,17.064,59.231,19.448,3.922,18.49
E02000743,17.022,94.079,20.122,6.91,18.127
E02000744,17.402,58.484,20.707,5.717,18.801
E02000745,17.616,59.781,19.901,4.43,18.534
E02000746,15.405,49.939,17.376,2.569,16.791
E02000747,17.396,87.933,19.365,4.259,18.343
E02000748,17.687,30.021,20.431,2.085,19.996
E02000749,17.512,46.995,19.154,2.329,18.578
E02006995,17.032,40.813,18.023,2.375,17.582
E02006996,16.802,44.216,18.488,1.715,18.325
E02006997,16.925,51.665,17.924,1.893,17.487
E02006998,16.172,28.763,20.571,2.793,20.267
E02006999,17.658,32.292,19.115,1.817,18.556
E02000751,14.207,33.981,15.159,1.328,14.822
E02000752,13.288,27.517,13.958,0.822,13.846
E02000753,13.885,19.003,14.237,0.433,14.149
E02000754,14.244,25.726,15.044,0.73,14.961
E02000755,14.512,32.332,16.262,2.231,15.473
E02000756,13.983,25.395,14.643,0.785,14.496
E02000757,15.222,47.518,17.327,3.353,16.242
E02000758,14.583,25.268,15.067,0.573,14.946
E02000759,14.984,46.104,17.174,2.865,16.185
E02000760,14.498,23.508,15.03,0.706,14.866
E02000762,14.806,27.364,15.844,1.437,15.449
E02000763,13.77,37.783,14.485,1.065,14.272
E02000764,15.384,44.799,16.376,1.496,15.96
E02000765,14.864,28.372,15.779,1.4,15.351
E02000767,14.862,39.2,15.705,1.518,15.286
E02000768,15.279,49.449,17.427,4.313,15.955
E02000770,14.982,28.399,15.685,1.423,15.349
E02000772,14.949,26.953,15.623,1.226,15.277
E02000773,15.167,36.657,16.087,1.759,15.594
E02000774,15.018,24.626,15.56,0.972,15.311
E02000776,15.169,27.492,15.767,0.983,15.524
E02000777,15.268,30.291,15.883,0.947,15.692
E02000779,15.499,31.177,16.819,2.203,16.166
E02000781,15.131,28.713,15.761,0.87,15.587
E02000782,15.685,52.913,18.463,4.143,16.998
E02000783,15.594,22.697,16.222,0.768,16.101
E02006800,14.846,25.78,15.582,1.053,15.346
E02006924,15.11,46.417,16.718,2.771,15.843
E02006925,14.885,42.652,16.193,2.152,15.607
E02007017,14.564,26.527,15.318,1.091,15.106
E02007018,14.74,24.813,15.4,1.091,15.099
E02007019,15.428,46.707,17.453,3.161,16.473
E02007020,15.501,30.833,16.196,1.815,15.729
E02000784,15.941,27.091,16.651,0.969,16.288
E02000785,15.2,36.805,15.951,1.446,15.61
E02000786,15.73,30.781,16.629,1.727,16.11
E02000787,15.455,45.254,16.433,1.864,15.926
E02000788,15.061,37.981,16.07,1.827,15.758
E02000789,14.737,28.593,15.329,0.839,15.082
E02000790,15.321,32.875,16.377,1.92,15.783
E02000791,14.974,35.037,16.073,1.487,15.626
E02000792,14.804,27.848,15.651,1.13,15.49
E02000793,14.846,26.023,15.375,0.581,15.232
E02000794,15.136,34.003,16.76,2.031,16.332
E02000795,14.517,26.56,14.859,0.531,14.74
E02000796,14.575,28.731,15.342,1.274,15.016
E02000797,14.893,37.85,16.596,1.747,16.261
E02000798,14.44,29.78,15.344,1.22,15.122
E02000799,14.65,26.171,15.408,1.077,15.086
E02000800,14.463,17.459,14.774,0.217,14.75
E02000801,14.537,21.876,15.07,0.745,14.864
E02000802,14.219,22.496,14.902,0.935,14.71
E02000803,13.958,28.314,14.558,0.758,14.383
E02000804,14.008,24.085,14.47,0.623,14.26
E02000805,14.123,31.641,14.825,0.981,14.646
E02000806,13.711,31.799,14.427,1.143,14.201
E02000807,17.219,30.024,17.976,1.073,17.781
E02000808,18.474,60.662,20.405,2.908,19.769
E02000810,17.37,43.608,18.684,1.951,18.198
E02000812,18.167,38.565,19.548,2.17,18.902
E02000813,17.271,34.576,19.084,2.151,18.461
E02000814,16.867,27.569,17.588,0.788,17.436
E02000815,18.419,41.728,20.279,3.169,19.26
E02000816,17.152,29.759,17.973,1.112,17.668
E02000817,16.728,30.873,17.736,1.364,17.475
E02000818,17.574,39.242,19.181,2.585,18.473
E02000819,17.44,42.292,19.048,2.599,18.271
E02000820,17.454,48.113,18.884,2.668,18.243
E02000821,16.945,42.291,18.249,2.182,17.807
E02000822,16.993,25.055,17.782,0.678,17.707
E02000823,17.067,33.998,18.066,1.742,17.616
E02000824,16.729,40.888,17.732,2.102,17.144
E02000825,16.762,32.878,17.346,0.995,17.096
E02000826,16.888,33.715,17.51,1.076,17.259
E02000827,16.871,37.381,18.307,2.256,17.607
E02000828,16.771,36.343,18.035,2.31,17.315
E02000829,16.387,35.624,17.417,1.884,16.945
E02000830,16.512,33.899,17.398,1.676,16.961
E02000831,16.489,32.895,17.116,1.361,16.757
E02000832,15.829,25.903,16.894,1.217,16.613
E02000833,16.241,27.919,16.899,0.991,16.667
E02000834,15.766,31.33,16.807,1.454,16.479
E02000835,15.594,25.454,15.973,0.568,15.876
E02000836,15.931,25.734,16.772,1.104,16.492
E02000837,15.615,31.563,16.394,1.094,16.125
E02000838,15.487,30.899,16.369,1.357,15.986
E02000839,15.289,30.068,15.819,1.043,15.551
E02006802,18.7,64.669,20.577,3.357,19.703
E02006941,17.832,33.731,19.479,1.807,19.054
E02006942,18.232,45.178,19.61,2.89,18.717
E02000840,14.888,29.139,15.361,0.803,15.159
E02000841,14.677,27.322,15.449,1.25,15.059
E02000842,14.69,30.131,15.384,1.353,15.012
E02000843,14.834,28.695,15.556,1.272,15.24
E02000844,14.681,22.201,15.268,0.712,15.089
E02000845,14.212,42.096,14.923,1.295,14.791
E02000846,14.581,31.307,15.224,1.093,14.911
E02000847,14.226,39.096,14.87,1.219,14.678
E02000848,14.373,36.099,15.082,1.296,14.804
E02000849,14.559,38.719,15.408,1.559,15.034
E02000850,14.55,26.427,15.451,0.783,15.314
E02000851,14.461,24.029,15.164,1.031,14.864
E02000852,14.529,23.535,14.944,0.772,14.75
E02000853,14.345,27.266,14.864,1.1,14.611
E02000854,14.404,27.195,15.064,0.997,14.824
E02000855,13.805,25.937,14.665,1.137,14.404
E02000856,14.239,55.167,15.038,1.755,14.758
E02000857,14.239,21.24,14.633,0.671,14.475
E02000858,14.24,27.223,14.825,1.08,14.549
E02000859,13.998,34.785,14.667,1.498,14.439
E02000860,14.306,23.311,14.751,0.849,14.539
E02000861,13.819,22.556,14.484,0.484,14.418
E02000863,13.581,27.868,14.184,0.846,13.998
E02006836,13.47,26.386,14.156,0.868,13.942
E02000864,16.78,38.775,18.014,2.333,17.414
E02000865,17.495,38.289,18.828,1.95,18.405
E02000866,16.883,37.0,17.949,1.675,17.507
E02000867,17.137,44.463,19.32,3.839,18.007
E02000868,18.073,35.714,19.44,1.877,18.907
E02000869,19.073,32.778,20.461,1.501,20.166
E02000870,17.341,29.195,18.291,1.268,17.953
E02000871,17.322,48.255,19.269,3.838,17.98
E02000872,19.189,31.093,20.529,1.573,20.049
E02000873,17.28,48.628,18.271,2.847,17.688
E02000874,17.819,32.79,18.732,1.473,18.388
E02000875,17.151,34.847,17.766,1.057,17.566
E02000876,17.915,44.717,19.432,2.229,18.845
E02000877,17.172,40.405,18.17,1.529,17.762
E02000878,19.361,86.004,22.161,4.285,21.676
E02000879,17.639,43.911,18.718,2.698,18.051
E02000880,17.869,37.305,19.3,2.124,18.761
E02000881,17.673,50.767,19.778,3.76,18.689
E02000882,17.374,34.297,18.25,1.415,17.859
E02000883,17.588,54.734,20.593,4.04,19.488
E02000884,18.775,76.466,21.144,3.747,20.23
E02000885,18.167,37.152,19.286,1.806,18.763
E02000886,17.659,43.166,20.867,4.229,19.536
E02000887,17.713,43.698,20.62,2.333,20.527
E02000888,17.998,56.515,21.274,5.206,19.416
E02000889,17.718,81.853,19.764,4.249,18.901
E02000890,17.71,68.279,19.518,3.928,18.558
E02000893,16.655,21.179,17.14,0.457,17.035
E02000894,16.637,20.942,17.087,0.485,16.98
E02006853,16.96,22.669,17.556,0.572,17.425
E02006854,17.34,48.795,21.289,4.165,20.296
E02007112,18.489,48.558,22.109,4.805,20.686
E02007113,18.446,62.978,22.955,5.499,21.362
E02007114,16.973,31.798,18.167,1.493,17.68
E02000895,13.991,26.694,14.853,0.99,14.667
E02000896,13.807,27.576,14.572,0.927,14.386
E02000897,14.36,24.04,15.076,0.912,14.899
E02000898,14.647,22.227,15.108,0.658,14.958
E02000899,14.747,24.935,15.501,0.925,15.315
E02000900,14.998,47.483,16.907,3.489,15.87
E02000901,14.793,32.723,15.637,1.269,15.306
E02000902,15.127,43.62,16.922,3.069,15.937
E02000903,15.335,46.049,16.261,2.5,15.742
E02000904,15.133,45.935,16.976,2.9,16.025
E02000905,15.502,27.829,16.254,1.29,15.904
E02000906,15.575,26.576,16.234,1.093,15.977
E02000907,15.653,26.92,16.274,1.023,16.021
E02000908,15.513,31.466,16.1,1.274,15.782
E02000909,15.449,38.383,16.533,1.9,16.044
E02000910,15.777,28.302,16.409,1.26,16.087
E02000911,15.666,25.609,16.318,1.028,16.027
E02000912,15.503,26.887,15.855,0.574,15.754
E02000913,15.761,41.983,16.636,1.92,16.17
E02000914,15.884,38.723,16.979,2.03,16.409
E02000915,15.496,46.248,17.025,2.826,16.231
E02000916,15.72,42.705,16.427,1.494,16.061
E02000917,16.096,37.149,16.612,1.415,16.306
E02000918,15.756,42.472,17.718,3.669,16.583
E02000919,16.133,45.513,17.874,3.339,16.767
E02000920,15.905,47.165,17.317,2.764,16.475
E02000921,16.413,41.858,17.587,2.604,16.923
E02000922,16.052,21.897,16.574,0.543,16.445
E02000923,17.191,30.845,18.13,1.139,17.833
E02000925,17.121,36.183,18.236,1.795,17.679
E02000926,16.839,37.272,17.999,1.92,17.446
E02000927,17.02,32.053,17.679,1.383,17.31
E02000928,15.954,26.672,16.523,1.143,16.244
E02000929,16.856,41.961,18.256,2.717,17.404
E02000930,16.606,42.143,17.933,1.998,17.364
E02000931,16.356,32.763,17.468,1.692,17.076
E02000932,16.142,55.19,17.909,3.171,16.878
E02000933,15.526,30.304,16.351,1.348,16.019
E02000934,16.861,42.51,18.734,2.958,17.674
E02000935,15.015,29.52,15.641,1.18,15.378
E02000936,15.654,31.074,16.678,1.638,16.232
E02000937,15.941,35.771,16.612,1.13,16.329
E02000938,15.372,34.043,16.173,1.623,15.754
E02000939,16.08,25.277,16.673,0.858,16.46
E02000940,16.065,30.237,17.365,1.761,16.871
E02000941,15.873,35.803,17.077,1.654,16.599
E02000942,15.399,31.325,16.283,1.273,15.993
E02000943,16.038,27.197,16.892,1.428,16.486
E02000944,15.432,30.579,16.209,1.498,15.824
E02000945,14.768,39.499,15.948,2.38,15.289
E02000946,15.774,27.768,16.476,1.205,16.113
E02000947,15.398,26.633,16.302,1.144,16.021
E02000948,15.637,26.451,16.213,0.869,15.97
E02000949,15.753,31.181,16.36,1.062,16.106
E02000950,15.255,22.302,15.579,0.52,15.458
E02000951,15.856,28.732,16.804,1.552,16.339
E02000952,15.84,26.85,16.391,1.138,16.107
E02000953,15.689,31.336,16.541,1.455,16.132
E02000954,15.778,28.84,16.464,1.255,16.18
E02000955,15.774,28.441,16.262,1.015,16.05
E02000956,15.62,29.257,16.456,1.358,16.106
E02000957,15.664,29.558,16.71,1.691,16.196
E02000958,15.604,28.009,16.039,0.795,15.843
E02000959,15.62,28.724,16.547,1.653,16.045
E02007083,17.407,36.509,18.917,1.905,18.525
E02007084,17.112,37.421,18.083,1.609,17.591
E02000960,17.09,46.619,18.013,2.053,17.578
E02000961,17.061,32.731,17.801,1.267,17.494
E02000962,17.372,35.35,18.854,2.141,18.2
E02000963,17.071,33.143,17.866,1.475,17.434
E02000964,17.08,32.533,18.205,1.474,17.768
E02000965,17.216,27.096,17.938,0.953,17.676
E02000966,17.368,28.665,18.705,1.267,18.545
E02000967,17.517,97.868,19.059,3.07,18.385
E02000968,18.003,69.132,20.461,4.42,19.215
E02000969,17.956,46.79,20.706,3.983,19.222
E02000970,19.341,69.692,21.862,3.935,20.739
E02000971,18.61,101.066,21.864,7.018,19.813
E02000972,20.555,61.853,23.054,3.712,22.33
E02000973,17.871,39.212,19.443,2.663,18.617
E02000974,19.003,94.363,21.11,5.32,19.505
E02000975,18.372,47.856,20.287,2.937,19.431
E02000976,18.114,32.196,19.146,1.682,18.62
E02000977,19.473,109.096,22.986,5.132,22.018
E02000978,17.644,83.823,19.39,3.417,18.567
E02000979,18.755,63.754,20.991,3.863,19.876
E02000980,18.408,53.66,19.703,2.653,18.914
E02000981,18.411,51.996,19.258,2.191,18.81
E02000982,18.495,61.006,20.136,3.561,18.989
E02000983,18.388,41.446,19.993,3.144,18.785
